零件名称,零件等级（ABC）,零件重量KG,单车用量,零件尺寸L,零件尺寸W,零件尺寸H,来料SNP,来料包装L,来料包装W,来料包装H,零件分类
卡扣,/,/,1.0,/,/,/,/,/,/,/,STD
卡扣,/,/,4.0,/,/,/,/,/,/,/,STD
卡扣,/,/,3.0,/,/,/,/,/,/,/,STD
A型通孔式嵌装塑料螺母,/,/,8.0,/,/,/,/,/,/,/,STD
车门上背门限位块堵盖,C,0.001,4.0,18.15,19.46,18.74,1000,400,300,230,P
大头枕软枕总成,C,,4.0,,,,10,505,455,330,P
大头枕软枕总成,C,,4.0,,,,10,505,455,330,P
大头枕软枕总成,C,,4.0,,,,10,505,455,330,P
加速踏板,C,0.426,1.0,185.24,117.59,212.06,15,650,435,260,P
充电指示标签,C,,1.0,,,,2000,365,275,160,P
背门锁总成,C,0.552,1.0,84.15,158.77,120.74,20,650,435,260,P
6.5寸低音扬声器,C,0.716,4.0,188,183,73,15,650,435,210,P
左侧电动门开关,C,0.016,1.0,41,40,25,320,650,435,260,P
右侧电动门开关,C,0.016,1.0,41,40,25,320,650,435,260,P
背门缓冲块,C,0.014,2.0,35.62,30.76,55,300,550,365,210,P
发动机左悬置总成,C,2.4,1.0,215,174,139,5,550,365,210,P
空气滤清器总成,C,1.08,1.0,367,227,210,48,1200,1000,950,P
电池横梁吊钩,C,0.175,1.0,129,61,64,20,400,300,160,P
后消声器总成,C,10.9,1.0,1550,1328,218,12,2100,1140,1710,P
前部消音器隔热板,C,0.4,1.0,446,199,141,20,600,400,320,P
前端排气管总成,C,1.61,1.0,500,270,153,42,1330,1140,1150,P
发电机控制器高压线束总成支架2,C,0.97,1.0,223,184,152,10,435,325,210,P
发动机后悬置总成,C,1.202,1.0,204.01,86.85,106,10,435,325,210,P
悬置隔热罩,C,0.083,1.0,208.42,59.64,80,150,600,400,148,P
燃油蒸气管3,C,0.039,1.0,206,94,28,200,600,400,220,P
油管双管夹Ⅱ,C,0.016,9.0,14,60.4,27,300,550,365,210,P
空气过滤器,C,0.09,1.0,119.72,92.83,81.79,60,600,400,280,P
电动气泵带支架及附件总成,C,8.172,1.0,372.26,406.91,253.03,18,1200,1000,1150,P
隔振垫1,C,0.007,1.0,22.45,21.97,20.02,1000,650,436,260,P
主储气筒总成,C,2.42,1.0,207.53,774.03,140,20,1200,1000,1000,P
后隔热板,C,0.57,1.0,473.01,791,113.21,300,1330,1140,730,P
消声器密封垫,C,0.05,2.0,54.42,84.28,102.05,450,400,300,150,P
球面密封垫,C,0.036,1.0,,,,60,435,325,160,P
球面法兰连接弹簧,C,0.029,2.0,,,,200,400,300,120,P
球面法兰连接螺栓,C,0.065,2.0,,,,200,400,300,120,P
孔式尼龙双管夹,C,0.02,7.0,14.03,60.01,28.09,600,400,300,280,P
Ф20尼龙水管双管夹,C,0.029,3.0,28,72,27.89,300,550,365,210,P
Ф23橡胶水管双管夹,C,0.016,1.0,20,73.5,31.65,300,550,365,210,P
后暖芯进水软管,C,0.06,1.0,155.74,53.99,73.6,150,650,436,260,P
后暖芯出水软管,C,0.06,1.0,171.85,58.5,73.6,150,650,436,260,P
后电机进水软管,C,0.229,1.0,312,240,203,40,600,400,280,P
后电机进水管总成,C,0.496,1.0,550,519,318,20,800,600,280,P
后暖芯后舱进出水硬管总成,B,0.625,1.0,1004.15,604.06,231.14,14,1330,1140,1150,P
右前驱动轴总成,B,8.05,1.0,118.6,619.27,139.77,84,1200,1000,1000,P
前保险杠吸能块,C,0.108,1.0,1362,213,62,39,1600,1140,730,P
前保险杠左安装座,C,0.071,1.0,227.2,84.93,130.11,76,435,325,210,P
前保险杠右安装座,C,0.071,1.0,227.22,84.93,130.11,76,435,325,210,P
前保险杠中间支架合件,C,0.706,1.0,211.9,1017.01,78.5,11,1100,550,330,DU
后保险杠上安装座,C,0.617,1.0,128.85,929.93,119.46,24,1100,550,330,P
后保险杠左安装座,C,0.159,1.0,178.41,62.06,333.78,75,650,435,260,P
后保险杠右安装座,C,0.159,1.0,178.41,62.06,333.78,75,650,435,260,P
后保险杠左上安装座,C,0.468,1.0,151.99,189.16,325.35,33,1100,550,330,P
后保险杠右上安装座,C,0.468,1.0,151.99,189.16,325.35,33,1100,550,330,P
后保险杠左安装座2,C,0.592,1.0,472.31,74.93,399.13,15,1100,550,330,P
后保险杠右安装座2,C,0.592,1.0,472.31,74.93,399.13,15,1100,550,330,P
前悬架左上控制臂总成,C,1.09,1.0,278.2,283.96,100.96,8,600,400,148,P
前悬架右上控制臂总成,C,1.09,1.0,278.2,283.96,100.96,8,600,400,148,P
方形垫片焊接螺母,C,0.02,4.0,23.6,26.6,13,380,435,325,160,P
前稳定杆左接头总成,/,0.441,1.0,73.33,111.59,242.1,30,600,400,148,/
前稳定杆右接头总成,/,0.441,1.0,73.33,111.59,242.1,30,600,400,148,/
左前空气弹簧管路前段,C,0.057,1.0,446.85,213.59,566.8,60,650,435,210,P
左后空气弹簧管路,C,0.051,1.0,700.23,1303.83,202.38,60,1100,550,330,P
右后空气弹簧管路,C,0.05,1.0,727.03,710.45,228.38,40,1100,550,330,P
气泵主储气罐连接管路,C,0.039,1.0,371.86,444.84,227.34,120,1100,550,330,P
后车身加速度传感器带支架总成,C,0.054,1.0,31.03,75.52,30.2,234,550,365,210,P
左前轮罩挡泥板总成,B,1.232,1.0,986.46,565.96,750.77,20,1330,1140,1090,P
右前轮罩挡泥板总成,B,1.34,1.0,986.46,534.89,751.77,20,1330,1140,1090,P
左下裙板总成,B,1.722,1.0,2313,170,127,24,2500,1150,1200,P
右下裙板总成,B,1.722,1.0,2313,170,127,24,2500,1150,1200,P
制动储油壶,C,0.15,1.0,165,150,93,14,555,355,208,P
储油壶进油管,C,0.063,1.0,361.4,73.99,85.88,100,600,400,220,P
制动开关,C,0.021,1.0,68.66,28.28,45.49,120,435,325,210,P
制动踏板总成,B,1.78,1.0,464,207,260,60,1140,980,1050,P
制动管路3号总成,C,0.053,1.0,230,111,254,100,530,365,210,P
制动管路5号总成,C,0.06,1.0,378,129,148,100,530,365,210,P
制动管路6号总成,C,0.055,1.0,322,174,134,100,530,365,210,P
制动管路7号总成,B,0.297,1.0,2715,455,248,300,3000,1140,1200,P
制动管路单管夹,C,0.0017,6.0,16,23.17,16,1000,365,275,210,P
左前制动软管总成,C,0.15,1.0,341.43,296.27,192.22,80,1100,365,210,P
右前制动软管总成,C,0.15,1.0,341.43,296.27,192.22,80,1100,365,210,P
左后制动软管总成,C,0.126,1.0,50.65,164.42,114.77,100,435,325,210,P
右后制动软管总成,C,0.126,1.0,50.65,164.42,114.77,100,435,325,210,P
制动管路双管夹,C,0.0027,1.0,25,23.17,16,500,365,275,210,P
发动机控制器本体,C,0.61,1.0,237.64,46,246.77,14,516,345,213,P
左轮速传感器总成,C,0.009,1.0,71,41,17,140,550,365,160,P
右轮速传感器总成,C,0.009,1.0,71,41,17,140,550,360,150,P
电动背门控制器,C,0.148,1.0,171.08,98.37,42.17,36,650,435,260,KZQZC
安全气囊控制器,C,0.24,1.0,113.03,112.17,34.8,32,650,435,210,KZQZC
整车控制器总成,C,0.43,1.0,142.22,205.11,82.87,20,560,356,240,P
左前照灯,B,6,1.0,682.21,454.14,301.16,9,1140,980,1050,P
右前照灯,B,6,1.0,682.21,454.14,301.16,9,1140,980,1050,P
左前位置灯,C,1.15,1.0,398,206,81,10,1100,550,330,P
右前位置灯,C,1.15,1.0,398,206,81,10,1100,550,330,P
智能遥控钥匙,C,0.035,2.0,76.51,42.47,16.53,48,380,235,185,P
左侧电动滑移门开关,C,0.05,1.0,48,47,45,147,550,365,210,P
右侧电动滑移门开关,C,0.05,1.0,48,47,45,147,550,365,210,P
低音喇叭,C,0.24,1.0,135,95,83,24,650,435,210,P
高音喇叭,C,0.24,1.0,135,95,83,24,650,435,210,P
左滑移门线束总成,C,0,1.0,608.8,180.75,237.24,10,650,435,260,P
右滑移门线束总成,C,0,1.0,608.8,180.75,237.24,10,650,435,260,P
拖钩,C,0.608,1.0,228,56,22,20,280,230,100,P
反光背心,C,/,1.0,,,,100,580,240,350,P
充气泵,C,0.75,1.0,58,150,150,23,650,435,210,P
加油警示标签,C,/,1.0,,,,6000,365,275,160,P
空调制冷剂标签,C,/,1.0,,,,4800,365,275,160,P
机舱连接板补板总成,C,0.496,1.0,504,172,67,15,650,435,210,P
轮罩与底护板左安装支架总成,C,0.63,1.0,224,190,177,20,650,435,260,P
前端模块锁支架组件,/,0.679,1.0,164.01,126,345.4,12,650,430,210,/
泄压阀总成,C,0.081,2.0,178.79,46.78,146.87,28,600,400,280,P
左前车门防擦条总成,B,0.342,1.0,1090.06,61.42,255.39,7,1200,400,340,P
右前车门防擦条总成,B,0.342,1.0,1090.06,61.42,255.39,7,1200,400,340,P
左后车门防擦条总成,B,0.227,1.0,989.31,30.03,46.16,14,1200,400,230,P
右后车门防擦条总成,B,0.227,1.0,989.31,30.03,46.16,14,1200,400,230,P
左后门C柱装饰板总成,B,0.423,1.0,207.95,139.73,451.7,8,600,400,220,P
右后门C柱装饰板总成,B,0.423,1.0,207.95,139.73,451.7,8,600,400,220,P
前风窗玻璃左装饰条总成,B,0.268,1.0,949,568,122,18,1200,400,230,P
前风窗玻璃左装饰卡条,C,0.056,1.0,633.9,87.66,367.45,200,1100,365,210,P
前风窗玻璃右装饰条总成,B,0.268,1.0,949,568,122,18,1200,400,230,P
前风窗玻璃右装饰卡条,C,0.056,1.0,633.9,87.66,367.45,200,1100,365,210,P
左翼子板后装饰件,C,0.205,1.0,98.49,114.6,865.63,12,1100,365,210,P
右翼子板后装饰件,C,0.205,1.0,98.49,114.6,865.63,12,1100,365,210,P
导水板,C,0.1,1.0,232,130,100,30,650,435,260,P
前风窗装饰条固定卡夹,C,0.003,4.0,20.59,12.97,16.95,2000,365,275,110,P
后背门装饰条总成,B,0.149,1.0,1404,70,30,198,1472,1142,710,P
后导流板总成合件,B,3.28,1.0,1504,281,130,18,1800,1140,1140,DU
后部右防护板钣金支架总成1,C,0.129,1.0,190,44,37,160,435,325,160,P
后部下防护板钣金支架5总成,C,0.11,1.0,108,88,33,100,435,325,210,DU
LLP横梁右连接板总成,C,0.154,1.0,13.01,122.26,95.24,80,435,325,210,P
LLP横梁左连接板组件,C,0.154,1.0,13.01,122.26,95.24,80,435,325,210,P
左后侧围吸音棉,C,0.045,1.0,348.17,94.26,470.06,22,650,435,260,P
右后侧围吸音棉,C,0.045,1.0,347.98,89.92,469.95,22,650,435,260,P
发动机罩隔音垫,C,0.216,1.0,531.4,1323.13,128.94,60,1600,1140,1150,P
导水槽隔音垫,C,0.02,1.0,243.96,718,62.55,60,1100,550,330,P
车身缓冲块贴片Φ28,C,0.001,8.0,28,27.92,0.2,12000,600,400,150,P
车身缓冲块贴片Φ18,C,0.001,2.0,18,17.95,0.2,3000,600,400,150,P
薄膜贴片26×36,C,0.0003,4.0,36,26,0.26,16800,600,400,150,P
薄膜复合贴片Φ30,C,0.0006,2.0,30,29.92,0.71,10800,600,400,150,P
密封贴片Φ30,C,0.0002,6.0,30,29.92,0.3,21600,600,400,150,P
LLP总成右连接板,C,0.09,1.0,45.33,61.52,208.26,60,435,325,210,P
LLP总成左连接板焊接总成,C,0.097,1.0,45.33,61.52,208.26,60,435,325,210,P
坦克链线束左安装支架焊接总成,C,0.094,1.0,172.97,60.08,17.48,60,435,325,210,P
坦克链线束右安装支架焊接总成,C,0.094,1.0,172.97,60.08,17.48,60,435,325,210,P
左前轮速传感器线束安装支架,C,0.046,1.0,100,67,27,100,435,325,210,P
右前轮速传感器线束安装支架,C,0.046,1.0,100,67,27,100,435,325,210,P
前端保险丝盒下支架焊接总成,C,0.082,1.0,109.12,50.83,117.5,220,435,325,160,P
前部下防护板,C,932,1.0,1690,813,52,65,2000,1140,750,P
前部下防护板支架,C,1.17,1.0,873,593,39,48,1580,1070,1150,P
后保左防护板,C,0.579,1.0,558,440,197,8,1100,550,330,P
后保右防护板,C,0.447,1.0,558,440,197,20,1100,550,260,P
后底护板油箱支架,C,0.021,2.0,76,74,62,200,600,400,220,P
前雨刮电机及支架总成,C,2.135,1.0,579,195,145,60,1200,1000,1050,P
前雨刮臂端盖,C,0.0029,2.0,27,27,22,1600,400,300,147,P
左前雨刮臂总成,C,0.458,1.0,649,101,74,20,670,272,220,P
右前雨刮臂总成,C,0.543,1.0,649,101,74,20,840,272,220,P
左前刮片总成,C,0.125,1.0,694,41,39,64,780,400,230,P
右前刮片总成,C,0.08,1.0,694,41,39,64,600,400,230,P
后雨刮电机及支架总成,C,0.81,1.0,139.58,212.06,143.38,16,650,435,260,P
后雨刮胶套,C,0.009,1.0,19.46,27,25.85,600,650,435,260,P
后管路总成,C,0.034,1.0,679.55,500.92,62.83,120,650,435,260,P
加液管总成,C,0.076,1.0,98.87,86.6,339.14,30,650,435,260,P
水箱上横梁左安装板,C,0.193,1.0,281.91,98.56,58.91,60,435,325,210,P
水箱上横梁右安装板,C,0.193,1.0,281.91,98.56,58.91,60,435,325,210,P
左门槛前挡块,C,0.275,1.0,50.81,96.59,204.3,50,435,325,160,P
右门槛前挡块,C,0.275,1.0,50.81,96.59,204.3,50,435,325,160,P
左CCB连接支架,C,0.11,1.0,62.66,29.7,119.03,50,435,325,210,P
右CCB连接支架,C,0.11,1.0,62.66,30.2,119.03,50,435,325,210,P
前机盖拉手总成,C,0.033,1.0,75,54,50,45,550,365,110,P
前机盖拉手总成,C,0.033,1.0,75,54,50,45,550,365,110,P
转向柱下护罩总成,C,0.315,1.0,262,245,238,6,650,435,330,P
左前延伸板总成,B,0.203,1.0,326,236,72,10,650,435,260,P
右前延伸板总成,B,0.172,1.0,326,236,72,10,650,435,260,P
左前门槛迎宾护板合件,B,0.547,1.0,645,323,114,14,1140,1140,1090,DU
右前门槛迎宾护板合件,B,0.547,1.0,645,323,114,14,1140,1140,1090,DU
左滑移门下铰链饰板总成,B,0.13,1.0,324,157,40,24,730,365,210,P
右滑移门下铰链饰板总成,B,0.13,1.0,324,157,40,24,730,365,210,P
左后门槛迎宾护板合件,B,0.828,1.0,1046,195,162,4,1100,550,260,DU
右后门槛迎宾护板合件,B,0.828,1.0,1046,195,162,4,1100,550,260,DU
拉手盒扣盖,C,0.051,1.0,255,46,44,12,550,365,160,P
后背门上装饰板总成,B,0.609,1.0,1210,141,92,6,1100,550,260,P
后背门下装饰板总成,B,3.047,1.0,1340,627,174,10,1600,1140,1900,P
背门门槛护板总成,B,0.842,1.0,1081,162,133,24,1330,1140,1090,P
后背门左侧装饰板总成,B,0.31,1.0,479,254,216,6,700,500,360,P
后背门右侧装饰板总成,B,0.276,1.0,479,254,216,6,700,500,360,P
天窗卷帘总成,B,3.09,1.0,902,891,67,8,1150,1000,1117,P
天窗总成,A,12.2,1.0,1030,137,737,8,1210,900,1150,P
左A柱天窗排水管,C,0.2,1.0,1008,898,312,20,600,400,280,P
右A柱天窗排水管,C,0.2,1.0,1008,898,312,20,600,400,280,P
天窗玻璃顶总成,A,6.2,1.0,917,711,44,10,1400,1100,1050,P
左C柱天窗排水管,C,0.26,1.0,1392,857,443,15,600,400,280,P
右C柱天窗排水管,C,0.26,1.0,1391,867,477,15,600,400,280,P
顶棚后部内饰板总成,B,0.711,1.0,1033,200,68,7,1100,550,260,P
左后侧围下部安装支架,C,0.322,1.0,388,100,100,18,650,435,260,P
右后侧围下部安装支架,C,0.322,1.0,393,100,100,18,650,435,260,P
左B柱下护板总成,B,0.885,1.0,471.04,756.8,166.05,18,1140,1140,1950,P
右B柱下护板总成,B,0.885,1.0,472.04,757.8,167.05,18,1140,1140,1950,P
左后角窗气帘导向支架,C,0.085,1.0,268,84,76,30,650,435,260,P
右后角窗气帘导向支架,C,0.085,1.0,268,84,76,30,650,435,260,P
左C柱气帘导向支架,C,0.04,1.0,187,69,35,80,650,435,260,P
右C柱气帘导向支架,C,0.04,1.0,187,69,35,80,650,435,260,P
后侧围右维修盖板,C,0.587,1.0,569.6,417.96,27.19,15,700,500,360,P
后侧围右维修盖板,C,0.587,1.0,570.6,418.96,28.19,15,700,500,360,SP
B柱把手螺钉盖板1,C,0.0094,4.0,59.28,55.94,47.64,119,550,365,110,P
左滑门滑轨下部装饰件总成,B,0.34,1.0,917,157,40,12,1100,365,210,P
左坦克链装饰件总成,C,0.044,1.0,146,54,52,80,650,435,260,P
右坦克链装饰件总成,C,0.044,1.0,146,54,52,80,650,435,260,P
左遮阳板,C,0.53,1.0,440.67,194.44,79.54,10,600,400,280,P
遮阳板挂钩,C,0.02,2.0,55.98,42.54,40.52,120,365,275,160,P
遮阳板底座盖板,C,0.006,2.0,73.29,30.29,41.37,200,365,275,160,P
左后吹足管道前段总成,C,0.2804,1.0,386,329,192,10,650,435,330,P
右后吹足管道前段总成,C,0.2804,1.0,386,329,192,10,650,435,330,P
后吹足管道分风器总成,C,0.215,1.0,264,169,79,16,650,435,260,P
左后吹足管道后段,C,0.1644,1.0,236,182,95,16,650,435,260,P
右后吹足管道后段,C,0.1644,1.0,236,182,95,16,650,435,260,P
行李箱左侧围吸音棉,C,0.07,1.0,400,122,110,16,1000,400,280,P
行李箱右侧围吸音棉,C,0.065,1.0,400,122,110,16,1000,400,280,P
风窗下装饰板合件,B,1.425,1.0,298.77,177.21,1588.6,21,1850,1140,1180,DU
左前门玻璃总成,A,4.34,1.0,1147,963,184,40,1170,1030,880,P
右前门玻璃总成,A,4.34,1.0,1148,963,184,40,1170,1030,880,P
左前门玻璃后下导轨,C,0.104,1.0,370,99,98,50,900,470,260,P
右前门玻璃后下导轨,C,0.104,1.0,370,99,98,50,900,470,260,P
左前门玻璃升降器总成,B,1.384,1.0,613,597,101,24,1200,1000,760,P
右前门玻璃升降器总成,B,1.384,1.0,613,597,101,24,1200,1000,760,P
车门锁扣总成,C,0.11,2.0,60.34,40.64,46.31,60,550,365,160,P
左前门玻璃导槽总成,B,0.97,1.0,985,959,201,78,1470,1150,900,P
右前门玻璃导槽总成,B,0.97,1.0,985,959,201,78,1470,1150,900,P
左前门窗台外密封条总成,B,0.55,1.0,1058,79,41,32,1200,400,230,P
右前门窗台外密封条总成,B,0.55,1.0,1058,79,41,32,1200,400,230,P
左前门窗台内密封条总成,C,0.3,1.0,812,73,41,32,1000,400,230,P
右前门窗台内密封条总成,C,0.3,1.0,812,73,41,32,1000,400,230,P
左前门前防水膜,C,0.028,1.0,213,137,23,100,650,435,260,P
右前门前防水膜,C,0.028,1.0,213,137,23,100,650,435,260,P
左前车门防污条总成,C,0.169,1.0,2129,45,25,32,1100,550,330,P
右前车门防污条总成,C,0.169,1.0,2129,45,25,32,1100,550,330,P
左前门窗框上装饰亮条,B,0.2455,1.0,980,300,90,30,1100,365,210,P
右前门窗框上装饰亮条,B,0.2455,1.0,980,300,90,30,1100,365,210,P
左前门下防水膜,C,0.018,1.0,152,134,17,160,650,435,260,P
右前门下防水膜,C,0.018,1.0,152,134,17,160,650,435,260,P
左前外开手柄密封垫,C,0.005,1.0,128,57,13,380,600,400,148,P
左前外开手柄端盖支座,C,0.028,1.0,104,55,50,110,600,400,280,P
右前外开手柄密封垫,C,0.005,1.0,128,57,13,380,600,400,148,P
右前外开手柄端盖支座,C,0.028,1.0,104,55,50,110,600,400,280,P
前门限位器总成,C,0.22,2.0,182,81,61,50,550,365,160,P
左滑移门驱动机构总成安装板总成,C,0.396,1.0,15,15,14,10,650,435,210,P
右滑移门驱动机构总成安装板总成,C,0.396,1.0,15,15,14,10,650,435,210,P
左滑移门中导轨总成,C,2.246,1.0,932,151,80,5,1200,600,120,P
右滑移门中导轨总成,C,2.246,1.0,926,150,75,5,1200,600,120,P
左滑移门下导轨安装板,C,1.821,1.0,911,296,87,5,1100,365,210,P
右滑移门下导轨安装板,C,1.821,1.0,911,296,87,5,1100,365,210,P
滑移门上导向座,C,0.011,2.0,45,31,27,200,285,185,160,P
滑移门下导向座,C,0.0338,2.0,83,34,18,150,285,185,160,P
滑移门下导向块,C,0.0325,2.0,79,37,18,150,285,185,160,P
左滑移门下导轨总成,C,1.269,1.0,941,195,66,10,1200,600,230,P
右滑移门下导轨总成,C,1.269,1.0,941,195,66,10,1000,400,200,P
左滑移门玻璃后下导轨,C,0.223,1.0,312,93,74,30,600,400,220,P
右滑移门玻璃后下导轨,C,0.223,1.0,312,93,74,30,600,400,220,P
左后门玻璃升降器总成,B,1.303,1.0,630,487,100,32,1200,1000,760,P
右后门玻璃升降器总成,B,1.303,1.0,630,487,100,32,1200,1000,760,P
左滑移门全开锁总成,C,0.18,1.0,147,125,29,30,600,400,120,P
左滑移门全开锁锁扣总成,C,0.316,1.0,172,67,50,15,600,400,120,P
滑移门后锁锁扣总成,C,0.105,2.0,63.6,54.01,53.98,100,400,300,120,P
右滑移门全开锁总成,C,0.18,1.0,147,125,29,30,600,400,120,P
右滑移门全开锁锁扣总成,C,0.316,1.0,172,67,50,15,600,400,120,P
左滑移门上铰链总成,C,0.581,1.0,150.5,43.62,180.71,16,365,275,210,P
左滑移门中铰链总成,C,1.17,1.0,153,116,119,6,550,365,160,P
左滑移门下铰链总成,C,2.483,1.0,311,254,183,4,650,435,210,P
右滑移门上铰链总成,C,0.581,1.0,151.5,44.62,181.71,16,365,275,210,P
右滑移门中铰链总成,C,1.17,1.0,153,116,119,6,550,365,160,P
右滑移门下铰链总成,C,2.483,1.0,311,254,183,4,650,435,210,P
左滑移门窗台外密封条总成,B,0.6,1.0,1273,56,33,32,1400,400,230,P
左滑移门防夹条,C,0.255,1.0,1396,251,204,30,1500,400,230,P
右滑移门防夹条,C,0.255,1.0,1396,251,204,30,1500,400,230,P
左滑移门窗框上装饰亮条,B,0.4168,1.0,1135,66,41,20,1200,400,230,P
右滑移门窗框上装饰亮条,B,0.4168,1.0,1135,66,41,20,1200,400,230,P
左后侧窗下装饰亮条,B,0.2248,1.0,1169,61,32,40,1400,400,230,P
右后侧窗下装饰亮条,B,0.2248,1.0,1169,61,32,40,1400,400,230,P
右滑移门窗台外密封条总成,B,0.6,1.0,1273,56,33,32,1400,400,230,P
左滑移门上密封条,C,0.18,1.0,1140,105,70,28,1200,400,230,P
右滑移门上密封条,C,0.18,1.0,1140,105,70,28,1200,400,230,P
左滑移门轮眉密封条,C,0.143,1.0,514,242,86,40,650,435,260,P
右滑移门轮眉密封条,C,0.143,1.0,514,242,86,40,650,435,260,P
左滑移门洞上装饰条,C,0.18,1.0,959,32,26,64,1100,365,210,P
右滑移门洞上装饰条,C,0.18,1.0,959,32,26,64,1100,365,210,P
左后外开手柄密封垫,C,0.005,1.0,129,56,13,380,600,400,148,P
左后外开手柄端盖支座,C,0.031,1.0,97,49,48,150,600,400,280,P
右后外开手柄密封垫,C,0.005,1.0,129,56,13,380,600,400,148,P
右后外开手柄端盖支座,C,0.031,1.0,97,49,48,150,600,400,280,P
滑移门限位块,C,0.004,4.0,24,22,19,3000,650,436,260,P
滑移门缓冲块,C,0.004,2.0,26,22,20,3000,650,436,260,P
左滑移门上导轨缓冲块,C,0.023,1.0,42,31,29,600,650,436,260,P
右滑移门上导轨缓冲块,C,0.023,1.0,42,31,29,600,650,436,260,P
左滑移门下导轨缓冲块,C,0.034,1.0,37,36,29,600,650,436,260,P
右滑移门下导轨缓冲块,C,0.034,1.0,37,36,29,600,650,436,260,P
左滑移门限位螺栓装饰罩,C,0.005,1.0,49,43,35,300,550,365,160,P
滑移门螺旋缓冲块,C,0.004,2.0,20,17,17,3000,650,436,260,P
右滑移门限位螺栓装饰罩,C,0,1.0,49,43,35,300,550,365,160,P
背门饰条,B,0,1.0,1766,218,26,52,2045,750,1023,P
后背门左侧扰流板总成,B,0.509,1.0,481,293,274,6,700,500,360,P
后背门右侧扰流板总成,B,0.509,1.0,1546,481,293,6,700,500,360,P
背门锁护套,C,0.029,1.0,128.71,42.23,91.06,144,650,435,260,P
背门左侧装饰条,C,0.076,1.0,534,250,214,20,730,365,210,P
背门右侧装饰条,C,0.076,1.0,534,250,214,20,730,365,210,P
车门上背门限位器,C,0.034,2.0,74,51,50,300,650,436,260,P
背门左电动撑杆总成,C,1.1,1.0,543,364,211,12,730,365,210,P
背门右电动撑杆总成,C,1.1,1.0,543,410,185,12,730,365,210,P
背门左撑杆上支架总成,C,0.125,1.0,85,42,41,84,435,325,210,P
背门右撑杆上支架总成,C,0.125,1.0,85,42,41,84,435,325,210,P
滑轨罩盖安装钢丝,C,0.057,2.0,357,31,19,50,650,435,160,P
驾驶员滑轨左前罩盖,C,/,1.0,444.2,113.65,93.15,6,650,435,160,P
驾驶员滑轨右前罩盖,C,/,1.0,134.81,92.52,113.69,20,650,435,160,P
驾驶员滑轨左后罩盖,C,/,1.0,101.03,81.22,60.92,36,650,435,160,P
驾驶员滑轨右后罩盖,C,/,1.0,98.98,81.21,60.84,36,650,435,160,P
副驾驶员滑轨左前罩盖,C,0,1.0,134.81,113.69,92.52,20,650,435,160,P
副驾驶员滑轨右前罩盖,C,0,1.0,93.15,113.65,444.2,6,650,435,160,P
副驾驶员滑轨左后罩盖,C,0,1.0,98.98,60.84,81.21,36,650,435,160,P
副驾驶员滑轨右后罩盖,C,0,1.0,101.03,60.92,81.22,36,650,435,160,P
正极滤波器,C,0.055,1.0,139.43,64.91,107.47,64,435,325,210,P
高音扬声器,C,0.127,2.0,60.23,29.9,60.09,60,550,365,160,P
行人警示扬声器,C,0.35,1.0,155,101,75,20,650,435,210,P
C字管夹,C,0.005,2.0,37,30,17,2000,400,300,280,P
后空调管路总成2,C,0.716,1.0,1074.89,742.16,238.71,75,1470,1150,700,P
室内温度传感器,C,/,1.0,54.1,18,52.3,500,550,365,210,P
背门堵盖,C,0.004,4.0,41,22,9,3000,650,436,260,P
左外后视镜支座装饰罩,B,0.05,1.0,66.29,92.84,106.92,36,650,435,160,P
右外后视镜支座装饰罩,B,0.05,1.0,67.76,94.17,107.28,36,650,435,160,P
前排座椅左侧安全带主体总成,C,1.45,2.0,884.87,152.39,177.83,8,650,435,160,P
前排座椅右侧安全带主体总成,C,1.45,2.0,885.87,153.39,182.7,8,650,435,160,P
左端片预紧器,C,0.45,1.0,280,218,54,16,650,435,260,P
右端片预紧器,C,0.45,1.0,280,217,54,16,650,435,260,P
安全带护套,C,0.032,2.0,148,61,35,48,550,365,160,P
左侧气帘总成,C,1.9,1.0,2774,274,152,4,650,435,210,P
右侧气帘总成,C,1.9,1.0,2774,274,152,4,650,435,210,P
发动机罩前密封条总成,B,0.113,1.0,1625.32,90.48,536.48,30,650,435,260,P
发动机罩气动撑杆,C,0.22,2.0,246,155,20,45,550,365,160,P
发动机罩锁拉丝,C,0.0935,1.0,1399,745,376,40,650,435,210,P
发动机罩锁总成,C,0.266,1.0,110,97,42,30,435,325,160,P
发动机罩锁扣,C,0.2197,1.0,98,78,77,45,435,325,160,P
发动机罩缓冲块,C,0.11,4.0,38,30,25,1400,650,436,260,P
发动机罩后密封条总成,C,0.45,1.0,1279.03,65.68,52.15,20,1400,400,230,P
加油口盖排水管总成,C,0.03,1.0,607,187,104,100,650,435,260,P
加注口盖总成,C,0.076,1.0,175,78,75,80,550,365,210,P
充电口盖排水管总成,C,0.03,1.0,563,262,113,100,650,435,260,P
机舱左前装饰板总成,C,/,1.0,440.64,92.49,416.88,12,900,470,260,P
机舱右前装饰板总成,C,/,1.0,416.88,380.73,92.49,12,900,470,260,P
前风窗下盖板左密封件,C,0.086,1.0,213.83,187.84,89.05,21,550,365,210,P
前风窗下盖板右密封件,C,0.086,1.0,213.83,187.84,89.04,21,550,365,210,P
左遮缝装饰件总成,C,0.162,1.0,376.19,172.32,167.86,10,900,470,260,P
右遮缝装饰件总成,C,0.162,1.0,376.19,172.32,167.86,10,900,470,260,P
发动机右悬置总成,C,2.82,1.0,251,201,156,4,550,365,210,P
空气滤清器进气管总成,C,0.36,1.0,246.97,174,532.3,15,800,600,280,P
油箱泄漏诊断模块,C,0.38,1.0,126,91,82,32,600,400,235,P
水管支架2,C,0.021,1.0,43.08,25.5,41.48,120,365,275,210,P
发动机副水箱安装支架,C,0.039,1.0,46.54,73.56,32.89,120,365,275,160,P
水管支架7,C,0.044,1.0,101.08,87.37,18.95,120,365,275,210,P
Φ20尼龙管/Φ23胶管双管夹,C,0.018,1.0,30.74,72.75,36.13,300,550,365,210,P
中冷低温散热器总成,C,1.695,1.0,475.72,288.91,149.03,14,1150,985,540,P
后电机出水管总成,C,0.497,1.0,585.06,131.94,393.83,20,800,600,280,P
散热器通气管,/,0.065,1.0,314.24,86.36,114.03,200,600,400,280,/
电机副水箱安装支架,C,0.059,1.0,80.15,41.11,99.49,120,365,275,210,P
电机副水箱补水管,C,0.309,1.0,271.87,281.14,197.67,20,800,600,280,P
发动机副水箱补水管,C,0.1,1.0,195.32,122.23,110.1,80,600,400,280,P
蓄水瓶总成及附件,C,1.123,1.0,360.75,201.4,289.18,36,1200,1000,1100,P
左前空气弹簧及阻尼可调减振器支柱总成带下叉臂装配总成,C,10.26,1.0,272.89,229.46,758.16,20,1330,1140,1090,P
右前空气弹簧及阻尼可调减振器支柱总成带下叉臂装配总成,C,10.26,1.0,272.89,229.46,758.16,20,1330,1140,1090,P
左前带支架高度传感器总成,C,0.096,1.0,98.21,84.16,126.27,36,600,400,148,P
右前带支架高度传感器总成,C,0.095,1.0,98.21,86.05,126.38,36,600,400,148,P
前车身加速度传感器带支架总成,C,0.052,2.0,36.34,45.7,84.13,144,550,365,210,P
前端框架,/,6.596,1.0,245.8,1306.57,731.82,10,1580,1150,2100,/
空调管路安装支架,C,0.1,1.0,48.22,57.49,38.51,60,365,275,210,P
右滑门滑轨下部装饰件总成,C,0.34,1.0,916.92,157.39,39.99,12,1100,365,210,P
左后门玻璃总成,A,5.85,1.0,1055.65,195.76,998.05,40,1300,1100,900,P
右后门玻璃总成,A,5.85,1.0,1055.65,195.76,998.05,40,1300,1100,900,P
左滑移门窗台内密封条总成,C,0.33,1.0,999.57,35.87,63.61,32,1200,400,230,P
右滑移门窗台内密封条总成,C,0.33,1.0,998.63,34.57,54.93,32,1200,400,230,P
左后门外开手柄总成,B,0.58,1.0,123.87,348.09,98.09,4,600,400,148,P
右后门外开手柄总成,B,0.58,1.0,124.87,349.09,99.09,4,600,400,148,P
机舱前中装饰板总成,B,1.051,1.0,1566.32,84.85,338.22,36,1700,1110,1150,P
发动机装饰罩总成,B,1.573,1.0,1119,108.23,500.9,32,1270,1180,1150,P
前舱电池包加热PTC-压缩机高压线束总成支架3,C,0.015,1.0,40.77,64.19,12.2,180,365,275,210,P
前舱电池包加热PTC-压缩机高压线束总成支架4,C,0.021,1.0,59.71,71.41,8.94,180,365,275,210,P
油箱泄漏诊断模块支架,C,0.12,1.0,102.28,13.9,70,100,435,325,210,P
燃油箱带油泵总成,B,18,1.0,1248.68,212.45,697.77,8,1600,1400,1200,P
燃油蒸气管4,C,0.3,1.0,103.94,113.27,316.91,100,600,400,220,P
燃油箱安装带1,C,0.6,1.0,500.4,73.55,287.22,18,650,435,210,P
燃油箱安装带2,C,0.65,1.0,508.85,73.7,136.89,18,650,450,210,P
供油管1,C,0.04,1.0,327.88,73.48,49.43,100,600,400,220,P
燃油蒸气管2,C,0.07,1.0,306.01,136.69,477.08,100,800,600,280,P
炭罐总成,C,1.65,1.0,330.62,181.5,114.97,5,600,400,280,P
炭罐通气管1,C,0.4,1.0,728.34,49.6,92,100,800,600,280,P
三通比例阀分装总成,C,,1.0,,,,/,/,/,/,P
后暖芯中通道出水硬管,C,0.372,1.0,2231.91,230.47,173.29,60,2600,1140,1150,P
后暖芯中通道进水硬管,C,0.252,1.0,2208.81,234.85,148.75,60,2600,1140,1150,P
影音娱乐主机冷却进出水管总成,C,0.33,1.0,383.96,108.13,421.62,30,600,400,280,P
主动进气格栅左前导流框,C,0.368,1.0,424.27,153.83,209.96,15,1100,550,260,P
主动进气格栅右前导流框,C,0.368,1.0,424.27,153.83,209.96,15,1100,550,260,P
左前空气弹簧管路后段,C,0.169,1.0,3435.67,299.78,1552.86,80,1100,1100,545,P
右前空气弹簧管路后段,C,0.117,1.0,3428.43,287.47,1566.39,80,1100,1100,545,P
EPB控制器,C,0.2,1.0,147.3,33.35,114.71,26,600,400,148,P
制动管路9号总成,B,0.365,1.0,2710.7,234.69,1344.65,100,3000,1140,1900,P
雨量光照传感器,C,0.02,1.0,63.88,38.96,48.84,144,400,300,280,KZQZC
智能集成制动控制单元,C,5.5,1.0,348.72,222.65,208.65,2,600,400,280,KZQZC
抬头显示控制器,C,2.3,1.0,310.39,254.63,478.9,18,1200,1000,1050,KZQZC
车载信息娱乐系统本体,C,1.9,1.0,191.83,75.64,223.37,8,600,400,230,P
带数据传输USB充电器,C,0.06,1.0,50.65,59.02,51.9,180,650,435,210,P
USB充电器,C,0.048,2.0,72.79,77.68,27.77,180,650,435,210,P
域控防踩踏支架,C,1.86,1.0,435.19,404.49,67.45,6,650,435,210,P
蓄电池,B,3.6,1.0,237,204,72.5,32,1140,1140,480,KZQZC
后组合灯移动侧左侧板,C,0.05,1.0,172.93,99.94,87.82,48,650,435,260,P
后组合灯移动侧右侧板,C,0.05,1.0,172.93,99.94,87.82,48,650,435,260,P
左后组合灯固定侧侧板堵盖,C,0.012,1.0,99.22,58.6,51.64,120,650,435,260,P
右后组合灯固定侧侧板堵盖,C,0.012,1.0,99.22,58.6,51.64,120,650,435,260,P
左后组合灯固定侧,B,1.18,1.0,392.55,252.15,160.55,2,650,435,260,P
右后组合灯固定侧,B,1.18,1.0,392.55,252.15,160.55,2,650,435,260,P
左后组合灯移动侧,B,1.43,1.0,509.1,173.03,136.99,3,650,435,260,P
右后组合灯移动侧,B,1.43,1.0,509.1,171.75,136.99,3,650,435,260,P
油泵线束总成,C,,1.0,537.13,446.67,142.51,60,650,435,260,P
蓄电池搭铁线束,C,,1.0,152.97,138.66,75.11,160,650,435,260,P
车载充电机搭铁线,C,,1.0,152.97,138.66,75.11,160,650,435,260,P
副仪表板组合开关,C,0.079,1.0,125.03,43.4,27.01,40,365,265,175,P
副仪表板中安装支架总成,C,0.361,1.0,211,205,137,80,1140,1140,545,P
蓄电池前固定带,C,0.154上下8%,1.0,145.2,76,11,60,435,325,210,P
蓄电池安装板总成,C,0.576上下8%,1.0,243,188.17,41.89,12,435,325,210,P
后刮臂刮片总成,C,0.18,1.0,413.38,60.8,37.06,48,650,435,260,P
左后顶棚安装支架总成,C,0.104上下8%,1.0,177.42,75.42,40.33,100,435,325,210,P
右后顶棚安装支架总成,C,0.104上下8%,1.0,177.42,75.42,40.33,100,435,325,210,P
仪表板左端盖总成,C,0.172,1.0,460.93,143.75,93.43,24,1100,550,330,P
仪表板右端盖总成,C,0.172,1.0,460.93,143.75,93.43,24,1100,550,330,P
左下护板总成,C,0.498,1.0,499.09,287.34,166.25,36,1140,1140,730,P
中右护板总成,B,0.289,1.0,508.67,280.3,154.74,28,1140,790,1090,P
贯穿式储物盒胶垫,C,,1.0,243.95,167.64,26.12,78,650,435,260,P
USB盖板,C,,1.0,,,,80,650,435,260,P
吸顶屏装饰板总成,C,,1.0,,,,10,1100,550,330,P
二排左顶棚面板合件,C,,1.0,,,,72,650,435,160,DU
二排右顶棚面板合件,C,,1.0,,,,72,650,435,160,DU
三排左顶棚面板合件,C,,1.0,,,,72,650,435,160,DU
三排右顶棚面板合件,C,,1.0,,,,72,650,435,160,DU
左A柱上饰板总成,B,0.69,1.0,781,482,183,16,1140,1140,1090,P
右A柱上饰板总成,B,0.69,1.0,781,482,183,16,1140,1140,1090,P
左B柱上饰板总成,B,0.743,1.0,570,272,180,27,1140,790,1185,P
右B柱上饰板总成,B,0.743,1.0,570,272,180,27,1140,790,1185,P
左后侧围下部安装支架,C,,1.0,,,,60,650,435,260,P
右后侧围下部安装支架,C,,1.0,,,,60,650,435,260,P
左C柱上饰板总成,B,0.276,1.0,248,222,180,6,650,435,260,P
右C柱上饰板总成,B,0.276,1.0,248,222,180,6,650,435,260,P
左D柱上饰板总成,B,0.56,1.0,632,288,391,18,1140,790,1200,P
右D柱上饰板总成,B,0.56,1.0,632,288,391,18,1140,790,1200,P
二排左风管总成,C,,1.0,,,,30,1600,1150,930,P
二排右风管总成,C,,1.0,,,,30,1600,1150,930,P
三排左风管总成,C,,1.0,,,,6,1100,550,330,P
三排右风管总成,C,,1.0,,,,35,1220,1150,930,P
蓄电池缓冲块,C,,1.0,,,,28,600,400,260,P
中排左座椅前端闷盖,C,,1.0,,,,144,650,435,160,P
中排右座椅前端闷盖,C,,1.0,,,,144,650,435,160,P
中排左座椅内侧后端闷盖,C,,1.0,,,,80,650,435,160,P
中排右座椅内侧后端闷盖,C,,1.0,,,,80,650,435,160,P
中排左座椅外侧后端闷盖,C,,2.0,,,,176,650,435,160,P
第三排左侧座椅靠背后端护板,C,,1.0,,,,8,730,365,210,P
第三排右侧座椅靠背后端护板,C,,1.0,,,,16,650,435,160,P
第三排座椅滑轨前端罩盖,C,,4.0,,,,88,650,435,160,P
蓝牙遥控器,C,,1.0,,,,36,365,275,160,P
重低音扬声器,C,,1.0,,,,12,1140,980,1050,P
中音扬声器,C,,4.0,,,,72,550,365,210,P
驾驶监控摄像头,C,,1.0,,,,100,600,400,280,P
吸顶屏支架左,C,,1.0,,,,30,435,325,210,P
吸顶屏支架右,C,,1.0,220,160,51,30,435,325,210,P
第三排座椅左侧安全带主体总成,C,0.95,2.0,870,659,220,8,550,365,160,P
第三排座椅右侧安全带主体总成,C,0.95,2.0,870,659,220,8,550,365,160,P
车载冰箱安装支架,C,0.465,1.0,266,90,61,12,435,325,210,P
后电机高压线束总成支架1,C,0.104,1.0,125,87,12,150,435,325,210,P
发动机控制支架,C,0.7,1.0,227,162,100,70,650,435,1390,P
供油管2,C,0.12,1.0,2087,353,81,200,2300,1150,590,P
燃油蒸气管1,C,0.05,1.0,157,115,105,100,600,400,220,P
空气滤清器出气管总成,C,0.28,1.0,250,108,148,36,800,600,280,P
炭罐脱附管1,C,0.11,1.0,2106,431,388,200,2300,1150,590,P
炭罐通气管2,C,0.7,1.0,1019,511,668,50,1600,1150,590,P
前消声器总成,C,6.5,1.0,2026,473,92,16,3000,1200,1200,P
三通比例阀安装支架,C,0.155,1.0,138,128,90,60,435,325,210,P
水管支架3,C,0.089,1.0,118,61,56,100,435,325,210,P
水管支架4,C,0.087,1.0,129,63,52,80,435,325,210,P
水管支架5,C,0.154,1.0,157,122,58,40,435,325,210,P
水管支架6,C,0.023,1.0,72,43,42,300,435,325,210,P
水管支架7,/,0.049,1.0,65,42,51,200,435,325,210,/
水管支架8,C,0.125,1.0,103,101,56,60,435,325,210,P
水管支架9,C,0.028,1.0,60,37,23,400,435,325,210,P
低温散热器出水管,/,0.208,1.0,327,270,99,40,600,400,280,/
chiller1到chiller2水管,C,0.158,1.0,173,168,144,40,600,400,280,P
chiller2到三通水管,C,0.183,1.0,268,218,96,40,600,400,280,P
PTC到前暖芯水管,C,0.261,1.0,445,397,115,50,600,400,280,P
二合一到后电驱水管,C,0.31,1.0,630,312,163,20,800,600,280,P
二合一进水软管,C,0.25,1.0,532,300,130,20,600,400,280,P
前暖芯出水管,C,0.526,1.0,783,484,189,20,800,600,280,P
出水硬管到三通比例阀软管,C,0.355,1.0,741,203,157,20,600,400,110,P
电池包到chiller水管,C,0.193,1.0,225,223,222,70,650,436,210,P
低温散热器出水管总成,C,1.294,1.0,1500,546,153,5,1000,400,200,P
三通比例阀到chiller水管,C,0.459,1.0,763,399,333,60,600,400,280,P
chiller到液气分离器水管总成,C,0.73,1.0,864,362,325,5,1000,400,300,P
中冷器通气管,C,0.139,1.0,462,267,98,200,600,400,160,P
OBC中通道进水硬管,B,0.833,1.0,1875,172,124,50,2200,1150,1140,P
电池包出水管,C,0.16,1.0,341,92,68,20,800,600,210,P
OBC进出水管总成,C,0.507,1.0,508,162,121,30,800,600,280,P
电机到电池三合一水管,C,0.482,1.0,849,320,213,20,800,600,280,P
中通道到低温散热器水管组件,C,0.311,1.0,625,328,191,20,600,400,160,P
影音娱乐主机冷却进水管,C,0.22,1.0,285,275,152,30,600,400,280,P
前电机水泵进水管总成,C,0.193,1.0,364,131,101,20,600,400,280,P
左前驱动轴总成,B,8.6,1.0,769,128,109,84,1200,1000,1000,P
导风板总成,/,1.074,1.0,961,631,236,6,1260,1150,110,/
中冷器导风板,C,0.66,1.0,464,267,248,5,1100,550,160,P
油冷器导风板,C,0.529,1.0,436,300,236,6,1100,550,160,P
主动进气格栅总成,C,1.409,1.0,1030,218,159,36,1200,1000,1150,P
左后阻尼可调减振器支柱总成,/,4.622,1.0,559,167,106,40,1200,1000,760,P
右后阻尼可调减振器支柱总成,/,4.622,1.0,559,167,106,40,1200,1000,760,P
右前空气弹簧管路前段,C,0.107,1.0,1440,460,617,40,1100,550,330,P
车轮总成,B,30,4.0,774,774,284,16,2300,1600,1000,DU
左后轮罩挡泥板总成,B,0.942,1.0,987,716,419,15,1600,1100,1180,P
右后轮罩挡泥板总成,B,0.942,1.0,988,716,419,15,1600,1100,1180,P
左后轮毂包下消声垫,C,2,1.0,905.73,515.78,263.42,80,1660,1200,1160,P
右后轮毂包下消声垫,C,2,1.0,507.36,893.86,261.43,80,1330,1140,1090,P
后轮转向器隔热板,C,0.145,1.0,323,180,131,34,600,400,280,P
方向盘总成,B,1.75,1.0,379,341,203,4,650,435,440,P
制动管路4号总成,C,0.152,1.0,897,302,227,50,1100,550,160,P
左前门电动车窗开关,C,0.13,1.0,151,86,57,72,650,435,260,P
前门模块,C,0.094,2.0,140,73,31,26,600,400,148,KZQZC
后门模块,C,0.094,2.0,140,73,31,26,600,400,148,KZQZC
三排左侧座椅调节开关,C,0.09,1.0,75,58,56,96,600,400,280,P
三排右侧座椅调节开关,C,0.09,1.0,75,58,56,96,600,400,280,P
手机无线充电控制器-左前,C,0.247,1.0,154,75,41,36,600,400,230,KZQZC
手机无线充电控制器-右前,C,0.247,1.0,154,75,41,36,600,400,230,KZQZC
整车控制器合件,C,,1.0,206,143,83,20,560,356,240,KZQZC
车载充电机总成6.6kW,C,5.8,1.0,332,255,94,45,1200,1000,760,KZQZC
前左角雷达安装支架,C,0.09,1.0,160,147,88,60,650,435,280,P
前右角雷达安装支架,C,0.09,1.0,161,147,88,60,650,435,280,P
后左角雷达安装支架,C,0.08,2.0,129,100,88,72,600,400,280,P
车身线束支架,C,0.1,1.0,96,90,14,100,435,325,210,P
左前门线束总成,C,0.64,1.0,959,649,206,18,650,435,260,P
右前门线束总成,C,0.64,1.0,959,649,202,18,650,435,260,P
左后门线束总成,C,0.26,1.0,693,596,212,24,650,435,260,P
右后门线束总成,C,0.26,1.0,693,596,212,24,650,435,260,P
转接线束,C,0.1,1.0,239,60,40,100,650,435,260,P
转接线束,C,0.1,1.0,239,60,40,100,650,435,260,P
电池包搭铁线束,C,0.11,1.0,155,114,60,100,650,435,260,P
PTC搭铁线束总成,C,0.11,1.0,193,173,94,100,650,435,260,P
行李箱功能开关组,C,0.135,1.0,124,55,53,56,600,400,280,P
随车工具盒,C,0.767,1.0,334.51,1144.49,197.73,12,1330,1140,1050,P
胎压警示标签,C,0.001,1.0,78,56,32,2000,365,275,160,P
冷却液液位提醒标签,C,0.001,1.0,89,55,5,2000,365,275,160,P
中部防护板钣金支架总成1,C,0.17,1.0,137,73,47,80,435,325,210,P
前围内隔音垫,C,12.072,1.0,1494,827,532,18,1600,1140,1150,P
前围外隔音垫,C,5.399,1.0,899,453,125,160,1330,1140,1090,P
行李箱地板内隔音垫,C,3.9,1.0,1070,724,200,30,1330,1140,1050,P
行李箱地板外隔音垫,C,0.143,1.0,688.69,958.95,187.71,40,1330,1140,1050,P
后部下防护板,C,1.167,1.0,1345,922,35,65,1850,1500,750,P
中部防护板,C,0.174,1.0,906,229,54,150,1340,1140,760,P
左三角窗除霜盖板总成,C,0.327,1.0,569,207,81,8,650,435,260,P
右三角窗除霜盖板总成,C,0.327,1.0,569,207,81,8,650,435,260,P
仪表板右下底板总成,C,0.319,1.0,546,276,68,6,650,435,210,P
前除霜盖板总成,B,1.3,2.0,1393,423,84,33,1680,1100,1950,P
仪表板骨架连接板,C,0.176,1.0,574,128,70,20,650,435,210,P
上面板总成,C,0.67,1.0,361,343,65,14,800,600,450,P
副仪表板合件,B,10.38,1.0,1065,370,527,6,1650,1180,1380,P
杯托面板总成,C,0.54,1.0,258,161,86,8,650,435,210,P
扶手箱左侧板,B,,1.0,555.52,462.43,53.44,45,1330,1140,1770,P
扶手箱右侧板,B,,1.0,555.52,462.43,53.44,45,1330,1140,1770,P
左前门内饰板总成,B,,1.0,917.46,793.75,136.23,10,1600,1140,1950,DU
右前门内饰板总成,B,,1.0,917.46,793.75,136.23,10,1600,1140,1950,DU
左前门开关盖板总成,C,0.03,1.0,163.59,79.04,71.65,70,650,435,260,P
右前门开关盖板总成,C,0.01,1.0,66.27,44.36,42.26,180,650,435,260,P
左后门内饰板总成,B,5.112,1.0,977.75,796.84,182.06,10,1600,1140,1950,DU
右后门内饰板总成,B,5.112,1.0,977.75,796.84,182.06,10,1600,1140,1950,DU
左后门开关盖板总成,C,0.01,2.0,67.59,48.57,25.95,180,650,435,260,P
左后门堵盖,C,0.005,1.0,42.19,32.72,30.16,1200,650,435,210,P
右后门堵盖,C,0.005,1.0,42.19,32.72,30.16,1200,650,435,210,P
顶棚合件,A,,1.0,3100.43,1584.51,458.16,7,3100,1140,2355,DU
后地板地毯总成,C,2.54,1.0,1070,439.27,71.99,21,1330,1140,730,P
前地板后地毯总成,C,16.616,1.0,1931.34,1456.97,424.58,8,2150,1570,1150,P
副驾地毯总成,B,,1.0,912.53,670.73,351.55,6,1330,1140,1150,P
插座罩盖,C,0.096,1.0,159.73,158.16,85.57,12,600,400,280,P
左后侧围遮阳帘合件,B,7.1,1.0,1639.27,1175.53,392.11,10,1550,2000,2300,DU
右后侧围遮阳帘合件,B,6.433,1.0,1639.27,1175.53,392.11,10,1550,2000,2300,DU
行李箱盖板,C,1.827,1.0,1198,572.51,136.52,21,1330,1140,1090,P
左后角窗内饰板总成,C,0.215,1.0,592.59,135.83,101.81,5,650,435,160,P
右后角窗内饰板总成,C,0.215,1.0,592.59,135.83,101.81,5,650,435,160,P
右后角窗内饰板总成,C,0.215,1.0,592.59,135.83,101.81,5,650,435,160,P
扶手杯托垫,C,0.012,2.0,67.97,67.12,18.17,1200,650,435,260,P
左后门电动遮阳帘总成,B,3.17,1.0,942.55,742.78,186.34,10,1200,1000,1050,P
右后门电动遮阳帘总成,B,,1.0,942.55,742.78,186.34,10,1200,1000,1050,P
左后门电动遮阳帘上装饰板,C,0.2,1.0,795.35,48.57,40.34,27,1000,400,280,P
右后门电动遮阳帘上装饰板,C,,1.0,795.35,48.57,40.34,27,1000,400,280,P
左D柱风道,C,0.352,1.0,509.31,335.62,207.75,8,1100,550,330,P
三排左吹脚风管,C,0.718,1.0,1073.86,669.1,152.57,24,1220,1150,930,P
前门扶手盒支架,C,0.043,2.0,73.74,59.58,37.5,200,435,325,210,P
左前门外开拉丝总成,C,0.021,1.0,172.13,133.06,93.42,100,300,200,148,P
右前门外开拉丝总成,C,,1.0,173.47,133.06,94.46,100,300,200,148,P
锁芯连杆,C,0.011,1.0,136.32,48.57,21.48,400,300,200,148,P
前门内开拉丝总成,C,0.046,2.0,,,,100,1000,400,148,P
左前门锁体,C,0.925,1.0,568.26,519.09,117.9,5,600,400,280,P
右前门锁体,C,,1.0,568.26,518.48,103.49,5,600,400,280,P
左前门框密封条总成,B,1.02,1.0,1256.14,975.97,137.54,90,1200,1000,900,P
右前门框密封条总成,B,,1.0,1256.13,975.97,137.54,90,1200,1000,900,P
左前门密封条总成,B,0.42,1.0,1341.8,1072.33,216.09,90,1200,1000,900,P
左前门防水膜,C,0.073,1.0,313.65,44.68,428.41,40,800,600,280,P
右前门防水膜,C,0.073,1.0,313.65,44.68,428.41,40,800,600,280,P
右前门密封条总成,B,,1.0,1341.8,1072.33,216.09,90,1200,1000,900,P
左后门窗框内装饰件总成,C,0.248,1.0,732.69,67.71,58.98,21,900,470,260,P
右后门窗框内装饰件总成,C,0.248,1.0,732.69,67.71,58.98,21,900,470,260,P
左后门窗框前内装饰件总成,C,0.203,1.0,514.51,156.08,149.19,11,600,400,220,P
左后门窗框前外装饰件总成,C,0.137,1.0,449.03,142.24,117.95,32,600,400,220,P
左后门窗框后内装饰件总成,C,0.219,1.0,449.03,142.24,117.95,9,600,400,220,P
左后门窗框后外装饰件总成,C,0.227,1.0,413.52,172.07,134.5,16,600,400,220,P
右后门窗框前内装饰件总成,C,0.203,1.0,514.51,156.08,149.19,11,600,400,220,P
右后门窗框前外装饰件总成,C,0.137,1.0,449.03,142.24,117.95,32,600,400,220,P
右后门窗框后内装饰件总成,C,0.219,1.0,468.45,177.6,144.92,9,600,400,220,P
右后门窗框后外装饰件总成,C,0.227,1.0,413.52,172.07,134.5,16,600,400,220,P
左前门外开手柄总成,B,0.64,1.0,347.92,133.01,95.96,4,600,400,148,P
右前门外开手柄总成,B,0.63,1.0,347.92,133.01,95.96,4,600,400,148,P
后门外开拉丝总成,C,0.074,2.0,548.43,426.91,128.74,100,1200,400,1390,P
后门内开拉丝总成,C,0.0357,2.0,469.19,350.1,56.72,200,1200,400,230,P
左滑移门后锁总成,C,1.776,1.0,988.31,488.7,90.58,6,1200,400,160,P
左滑移门驱动机构总成,B,1.605,1.0,949.5,274.15,192.08,6,1200,400,160,P
右滑移门驱动机构总成,B,1.605,1.0,949.5,269.77,192.08,6,1200,400,160,P
右滑移门后锁总成,C,,1.0,988.31,488.7,90.58,6,1200,400,160,P
左滑移门内拉手,B,0.75,1.0,317.09,247.29,46.1,5,600,400,160,P
右滑移门内拉手,B,,1.0,317.09,247.29,46.1,5,600,400,160,P
滑移门全开锁拉线总成,C,0.0564,2.0,682.82,513.77,172.9,100,1200,400,1390,P
左滑移门玻璃导槽总成,C,0.9,1.0,1053.06,855.12,205.76,104,1470,1150,900,P
右滑移门玻璃导槽总成,C,0.9,1.0,1053.06,855.12,205.76,104,1470,1150,900,P
左后门防水膜,C,0.077,1.0,438.85,435.85,60.08,40,1100,550,330,P
右后门防水膜,C,,1.0,438.85,435.86,60.08,40,1100,550,330,P
左后门前防水膜,C,0.033,1.0,224.38,217.07,15.21,80,650,435,260,P
右后门前防水膜,C,,1.0,224.38,217.07,15.21,80,650,435,260,P
左滑移门框密封条,B,1.52,1.0,1095.06,209.74,1373.68,90,1200,1000,900,P
右滑移门框密封条,B,1.52,1.0,1095.06,209.74,1373.68,90,1200,1000,900,P
左后门内开拉丝安装支架,C,0.016,1.0,48.68,40.5,19.02,400,435,325,210,P
右后门内开拉丝安装支架,C,,1.0,48.68,40.5,19.02,400,435,325,210,P
后背门外饰板合件,C,2.325,1.0,1999.18,1699.77,1207.41,28,1470,1140,1120,DU
背门框密封条总成,B,1.63,1.0,348.56,1384.26,1035.32,64,1200,1000,900,P
前排主驾驶员座椅合件,A,,1.0,1092.98,859.51,554.88,2,1680,1150,2100,DU
前排副驾驶员座椅合件,A,,1.0,1092.69,859.51,554.88,2,1680,1150,2100,DU
第三排左侧座椅合件,B,,1.0,931.74,813.68,741.68,2,1550,1160,1220,DU
第三排右侧座椅合件,B,,1.0,931.74,813.68,481.06,2,1550,1160,1220,DU
功率放大器,C,1.5,1.0,359.56,192.93,90.39,6,650,435,1390,KZQZC
后HVAC总成,B,4.7,1.0,597.13,298.17,439.36,9,1580,780,1190,P
电池冷却器总成,B,1.46,1.0,201.12,116.55,176.06,160,1140,980,1050,P
电池冷却器支架总成,C,0.767,1.0,190.25,177.69,78.96,20,650,435,210,P
电池冷却器隔热罩支架1,C,0.028,1.0,28.51,43.87,71.45,200,435,325,210,P
电池冷却器隔热罩支架3,C,0.176,1.0,128.06,73.54,166.77,100,435,325,210,P
前空调管路总成2,C,1.27,1.0,349.49,313.55,299.2,12,1100,550,330,P
后空调管路总成1,B,1.5,1.0,759.39,125.48,1981.71,80,2100,1150,700,P
后空调管路总成3,C,0.62,1.0,123.73,322.71,566.79,20,1100,550,330,P
高温水加热器总成支架,C,1.383,1.0,344.74,112.64,431.27,12,650,435,1390,P
高温水加热器总成支架2,C,0.078,1.0,131.47,78.14,16.54,100,435,325,210,P
内后视镜总成,B,0.42,1.0,260.76,87.66,119.94,15,600,400,340,P
左外后视镜合件,B,1.65,1.0,418.27,354.1,216.63,4,650,435,295,DU
右外后视镜合件,B,1.65,1.0,418.27,354.1,216.63,4,650,435,295,DU
驾驶位安全气囊模块,C,1.063,1.0,140.76,156.26,128.45,8,650,435,160,P
加油口盖本体,C,0.38,1.0,99.04,177.06,339.83,6,650,435,260,P
加油管总成,C,1.4,1.0,356.49,840.02,911.35,70,1470,1140,890,P
充电机高压线束总成,C,0.8,1.0,1724.67,414.33,920.12,6,550,365,210,P
前舱电池加热PTC-压缩机高压线束总成,C,1.17,1.0,758.03,722.17,1082.14,6,550,365,210,P
发电机控制器高压线束总成支架1,C,0.163,1.0,176.39,131,111.8,30,650,435,210,P
后电机高压线束总成支架2,C,0.039,1.0,75.74,46,27.95,200,435,325,210,P
前舱电池包加热PTC-压缩机高压线束总成支架2,C,0.053,1.0,132.35,53.71,71.72,160,435,325,210,P
充电线束总成支架3,C,0.076,1.0,63.52,51.55,85.97,100,435,325,210,P
车内放电插座总成,C,0.5,1.0,166.97,797.37,470.75,25,650,435,260,P
贴片60X80,C,0.0135,1.0,2,80,60,240,365,275,160,P
压缩机吸入管路总成1,C,0.243,1.0,459.58,104.06,243.43,30,650,435,260,P
左前轮速传感器线束支架,C,0.05,1.0,133.54,131.16,111.33,120,650,435,210,P
右前轮速传感器线束支架,C,0.05,1.0,133.54,131.16,111.33,120,650,435,210,P
前CDC线束支架,C,0.01,2.0,28.64,36.62,56.25,750,435,325,160,P
车型编码标牌,C,0.0139,1.0,32.15,218.39,40.03,240,550,365,160,P
低压线束支架1,C,0.027,1.0,31.69,54.7,76.8,500,435,325,160,P
前部下防护板钣金支架总成2,C,/,2.0,141.79,53,61.31,180,435,325,160,P
中部护板安装支架总成,C,0.028,1.0,40.49,24,79.26,210,435,325,160,P
右遮阳板,C,0.52,1.0,440.67,79.54,194.44,10,600,400,160,P
前空调管路总成1,C,0.536,1.0,205.5,248.96,581.16,20,1100,550,330,P
板换带三通阀总成,C,1.8,1.0,230.14,215.39,207.74,4,600,400,280,P
中冷低温散热器总成,C,0.335,1.0,306.32,148.36,370.01,24,1140,980,600,P
锁芯及机械钥匙合件,C,0.022,1.0,44.29,90.61,40.93,80,600,400,148,P
电池冷却器隔热罩,C,0.16,1.0,230.33,134.43,282.07,30,600,400,220,P
车内放电插座总成罩盖,C,0.1,1.0,50.81,39.76,56.38,256,650,435,260,P
前碰传感器,C,0.02,2.0,35.34,24.3,36.49,400,435,325,210,P
侧碰传感器,C,0.013,4.0,36.94,24.3,35.1,400,435,325,210,P
门压力传感器,C,0.0185,2.0,53.27,30.42,52.35,80,435,325,210,P
加速踏板螺栓堵盖1,C,0.008,1.0,30.62,23.4,25.77,500,365,275,160,P
加速踏板螺栓堵盖2,C,0.009,1.0,32.75,23.4,25.89,500,365,275,160,P
油箱隔离阀总成,C,0.45,1.0,94.45,168,54.36,30,550,365,210,P
车轮装饰盖,C,0.031,4.0,69.24,69.24,28.58,100,600,400,230,P
车轮螺栓装饰盖及拆卸夹,C,/,1.0,1795.92,635.75,3092.14,18,365,275,160,P
四通接头,C,0.095,1.0,59.91,61.53,35,100,365,275,160,P
行李箱左照明灯,C,0.026,1.0,202.89,22.36,19.23,100,400,300,148,P
电动后背门关闭开关,C,0.0187,1.0,34.66,56.09,40.4,221,550,365,210,P
12V电源插座,C,0.022,1.0,39.48,31.92,63.69,126,365,275,260,P
玻璃升降器开关,C,0.0356,3.0,56.76,43.7,59.14,240,550,365,210,P
风扇警示标签,C,/,1.0,84,44.03,7.94,4800,365,275,160,P
三角警告牌,C,0.785,1.0,36.86,430.3,49.36,30,550,365,160,P
贴片 Φ18,C,0.002,49.0,18,17.96,2,3840,365,275,160,P
贴片 Φ30,C,0.0056,64.0,30,3.52,29.98,2160,365,275,160,P
堵盖Φ20,C,0.002,9.0,8.54,28.27,28.26,1600,400,300,230,P
Φ50孔贴,C,0.015,8.0,50,49.86,2,800,365,275,160,P
贴片φ40,C,0.0099,20.0,40,40,2,1400,365,275,160,P
橡胶堵盖Φ16,C,0.001,15.0,24.99,24.99,8.24,2000,400,300,230,P
堵盖Φ30,C,0.0018,3.0,43.59,43.65,9.5,1000,400,300,230,P
背门排水孔堵盖,C,0.001,3.0,8.89,17,7.07,2700,365,275,160,P
仪表板前端毛毡,C,0.001,6.0,25.06,40,4.4,3000,400,300,220,P
遮阳板挂钩盖板,C,/,2.0,23.33,17.26,20.68,360,365,275,160,P
背门锁扣总成,C,0.19,1.0,54.42,98,57.44,30,435,325,210,P
车体上背门限位器,C,0.019,2.0,34.32,43.66,39.6,600,400,300,230,P
负极滤波器,C,0.028,1.0,116.73,82.94,228.67,144,550,365,210,P
后PS天线,C,0.042,2.0,36.6,118.5,25,160,390,280,285,P
前排安全带高度调节器,C,0.248,2.0,36.56,185,49.2,30,550,365,160,P
排水管护套,C,0.0015,2.0,29,28.96,9.2,1500,650,435,260,P
车轮总成,B,31.65,4.0,774.14,283.91,773.38,16,2300,1600,1000,DU
发动机控制器合件,C,,1.0,,,,14,516,345,213,KZQZC
主动悬架集成控制器,C,0.382,1.0,50.45,199.44,139.41,12,550,365,160,KZQZC
前左角雷达,C,0.085,1.0,2076.48,270.77,2755.56,30,600,400,280,KZQZC
前右角雷达,C,0.085,1.0,2076.48,270.77,2755.56,30,600,400,280,KZQZC
后左角雷达,C,0.092,1.0,2523.44,2353.13,270.77,30,600,400,1390,KZQZC
后右角雷达,C,0.092,1.0,2524.44,2354.13,271.77,30,600,400,1390,KZQZC
前视单目摄像头,C,0.25,1.0,2036,944.3,1098.47,60,600,400,280,KZQZC
前向毫米波雷达,C,0.252,1.0,752.71,259.19,454.6,56,600,400,280,KZQZC
自动泊车控制器,C,0.556,1.0,200.69,59.65,115.94,12,600,400,160,KZQZC
前顶灯总成,B,0.9,1.0,232.17,101.59,290.64,6,600,400,280,P
后背门线束总成合件,C,0.73,1.0,506.83,1021.17,1296.2,18,650,435,260,P
车身线束总成合件,B,25.8,1.0,4606.78,1561.83,1841.38,7,1140,980,110,P
前舱线束总成合件,B,5.3,1.0,1860.02,845.01,2103.24,1,650,435,260,P
前风窗玻璃总成,A,18.5,1.0,1550.13,722.66,1000.95,18,1750,1150,280,P
后风窗玻璃总成,A,5.8,1.0,1538.94,441.33,296.71,27,1800,1100,1390,P
左后角窗玻璃总成,B,4.8,1.0,506.39,158.18,1252.4,10,1680,750,160,P
右后角窗玻璃总成,B,4.8,1.0,506.39,1252.4,158.18,10,1680,750,160,P
左前角窗玻璃总成,B,1.05,1.0,365.73,482.89,95.75,60,1200,760,160,P
右前角窗玻璃总成,B,1.05,1.0,366.73,483.89,96.75,60,1200,760,160,P
清洗剂储液罐总成,C,0.46,1.0,192.91,681.68,584.84,60,1200,1000,280,P
仪表板左下底板总成,C,0.36,1.0,78.2,332.48,579.52,4,650,435,160,P
主驾地毯总成,B,2.93,1.0,670.73,947.86,317.81,6,1330,1140,160,P
第二排左侧座椅合件,A,,1.0,648.76,862.47,1044.75,2,1680,1150,210,DU
第二排右侧座椅合件,A,,1.0,648.76,863.47,1045.75,2,1550,1150,210,DU
内后视镜前装饰罩,C,0.185,1.0,299.21,132.18,228.07,5,600,400,210,P
内后视镜后装饰罩,C,0.067,1.0,258.78,115.43,136.64,80,400,300,210,P
充电口盖本体,C,0.455,1.0,359.74,208.61,105.84,6,650,435,110,P
E-mark标签,C,/,1.0,40,80,0.15,3000,365,275,160,P
电池包总成,A,0.342,1.0,1491.25,1362.4,149.54,1,1800,1600,210,P
天线放大器,C,0.04,1.0,90.67,32.4,16.81,144,435,325,260,P
行车记录摄像头,C,0.039,1.0,732.66,412.12,154.57,96,550,365,260,P
六角头螺栓和大平垫圈组合件,/,/,15.0,/,/,/,/,/,/,/,STD
六角头螺栓和平垫圈组合件,/,/,17.0,/,/,/,/,/,/,/,STD
六角头螺栓和平垫圈组合件,/,/,4.0,/,/,/,/,/,/,/,STD
六角头螺栓和平垫圈组合件,/,/,5.0,/,/,/,/,/,/,/,STD
六角头螺栓和平垫圈组合件,/,/,5.0,/,/,/,/,/,/,/,STD
六角头螺栓和平垫圈组合件,/,/,2.0,/,/,/,/,/,/,/,STD
六角头螺栓、弹簧垫圈和平垫圈组合件,/,/,9.0,/,/,/,/,/,/,/,STD
六角头螺栓、弹簧垫圈和平垫圈组合件,/,/,2.0,/,/,/,/,/,/,/,STD
六角头螺栓、弹簧垫圈和大垫圈组合件,/,/,5.0,/,/,/,/,/,/,/,STD
六角头螺栓、弹簧垫圈和平垫圈组合件,/,/,7.0,/,/,/,/,/,/,/,STD
六角头螺栓、弹簧垫圈和平垫圈组合件,/,/,2.0,/,/,/,/,/,/,/,STD
六角法兰面螺栓,/,/,45.0,/,/,/,/,/,/,/,STD
六角法兰面螺栓,/,/,26.0,/,/,/,/,/,/,/,STD
六角法兰面螺栓,/,/,2.0,/,/,/,/,/,/,/,STD
六角法兰面螺栓,/,/,6.0,/,/,/,/,/,/,/,STD
六角法兰面螺栓,/,/,8.0,/,/,/,/,/,/,/,STD
六角法兰面螺栓,/,/,21.0,/,/,/,/,/,/,/,STD
六角法兰面螺栓,/,/,2.0,/,/,/,/,/,/,/,STD
六角法兰面螺栓,/,/,28.0,/,/,/,/,/,/,/,STD
六角法兰面螺栓,/,/,11.0,/,/,/,/,/,/,/,STD
六角法兰面螺栓,/,/,11.0,/,/,/,/,/,/,/,STD
六角法兰面螺栓,/,/,3.0,/,/,/,/,/,/,/,STD
六角法兰面螺栓,/,/,1.0,/,/,/,/,/,/,/,STD
六角法兰面螺栓,/,/,3.0,/,/,/,/,/,/,/,STD
六角法兰面螺栓,/,/,5.0,/,/,/,/,/,/,/,STD
六角法兰面螺栓,/,/,6.0,/,/,/,/,/,/,/,STD
六角法兰面螺栓,/,/,1.0,/,/,/,/,/,/,/,STD
六角法兰面螺栓,/,/,2.0,/,/,/,/,/,/,/,STD
六角法兰面螺栓,/,/,4.0,/,/,/,/,/,/,/,STD
六角法兰面螺栓,/,/,1.0,/,/,/,/,/,/,/,STD
六角法兰面螺栓,/,/,4.0,/,/,/,/,/,/,/,STD
六角法兰面螺栓,/,/,4.0,/,/,/,/,/,/,/,STD
六角法兰面螺栓,/,/,2.0,/,/,/,/,/,/,/,STD
六角法兰面螺栓,/,/,2.0,/,/,/,/,/,/,/,STD
六角法兰面螺栓,/,/,2.0,/,/,/,/,/,/,/,STD
六角法兰面螺栓,/,/,2.0,/,/,/,/,/,/,/,STD
六角法兰面螺栓,/,/,1.0,/,/,/,/,/,/,/,STD
六角法兰面螺栓,/,/,2.0,/,/,/,/,/,/,/,STD
六角法兰面螺栓,/,/,6.0,/,/,/,/,/,/,/,STD
六角法兰面螺栓,/,/,8.0,/,/,/,/,/,/,/,STD
六角法兰面螺栓,/,/,30.0,/,/,/,/,/,/,/,STD
六角法兰面螺栓,/,/,44.0,/,/,/,/,/,/,/,STD
六角法兰面螺栓,/,/,4.0,/,/,/,/,/,/,/,STD
六角法兰面螺栓,/,/,3.0,/,/,/,/,/,/,/,STD
六角法兰面螺栓,/,/,4.0,/,/,/,/,/,/,/,STD
十字槽大半圆头自攻螺钉,/,/,6.0,/,/,/,/,/,/,/,STD
六角法兰面螺母,/,/,96.0,/,/,/,/,/,/,/,STD
六角法兰面螺母,/,/,82.0,/,/,/,/,/,/,/,STD
六角法兰面螺母,/,/,9.0,/,/,/,/,/,/,/,STD
六角法兰面螺母,/,/,2.0,/,/,/,/,/,/,/,STD
六角法兰面螺母,/,/,1.0,/,/,/,/,/,/,/,STD
六角螺母和锥形弹性垫圈组合件,/,/,6.0,/,/,/,/,/,/,/,STD
六角法兰面承面带齿锁紧螺母,/,/,24.0,/,/,/,/,/,/,/,STD
六角法兰面承面带齿锁紧螺母,/,/,4.0,/,/,/,/,/,/,/,STD
全金属六角法兰面锁紧螺母,/,/,5.0,/,/,/,/,/,/,/,STD
全金属六角法兰面锁紧螺母,/,/,2.0,/,/,/,/,/,/,/,STD
非金属嵌件六角法兰面锁紧螺母,/,/,2.0,/,/,/,/,/,/,/,STD
非金属嵌件六角法兰面锁紧螺母,/,/,1.0,/,/,/,/,/,/,/,STD
非金属嵌件六角法兰面锁紧螺母,/,/,6.0,/,/,/,/,/,/,/,STD
六角头螺栓和平垫组合件,/,/,5.0,/,/,/,/,/,/,/,STD
六角法兰面螺栓和平垫圈组合件,/,/,7.0,/,/,/,/,/,/,/,STD
六角头螺栓和平垫圈组合件,/,/,4.0,/,/,/,/,/,/,/,STD
六角法兰面螺栓和平垫圈组合件,/,/,4.0,/,/,/,/,/,/,/,STD
带导向六角法兰面螺栓和平垫圈组合件,/,/,11.0,/,/,/,/,/,/,/,STD
六角法兰面螺栓和平垫圈组合件,/,/,2.0,/,/,/,/,/,/,/,STD
带导向六角法兰面螺栓和平垫圈组合件,/,/,4.0,/,/,/,/,/,/,/,STD
六角头螺栓和平垫圈组合件,/,/,41.0,/,/,/,/,/,/,/,STD
十字槽六角头法兰面螺栓,/,/,22.0,/,/,/,/,/,/,/,STD
十字槽六角头法兰面螺栓,/,/,26.0,/,/,/,/,/,/,/,STD
十字槽六角头法兰面螺栓,/,/,13.0,/,/,/,/,/,/,/,STD
十字槽六角头法兰面螺栓,/,/,39.0,/,/,/,/,/,/,/,STD
十字槽六角头法兰面螺栓,/,/,4.0,/,/,/,/,/,/,/,STD
六角法兰面螺栓和带齿垫圈组合件,/,/,4.0,/,/,/,/,/,/,/,STD
带导向六角法兰面螺栓和带齿垫圈组合件,/,/,4.0,/,/,/,/,/,/,/,STD
六角法兰面螺栓,/,/,6.0,/,/,/,/,/,/,/,STD
六角法兰面螺栓和平垫圈组合件,/,/,4.0,/,/,/,/,/,/,/,STD
前制动软管连接螺栓,/,/,4.0,/,/,/,/,/,/,/,STD
六角法兰面螺栓,/,/,8.0,/,/,/,/,/,/,/,STD
六角法兰面螺栓,/,/,8.0,/,/,/,/,/,/,/,STD
六角法兰面螺栓,/,/,1.0,/,/,/,/,/,/,/,STD
六角法兰面螺栓,/,/,2.0,/,/,/,/,/,/,/,STD
车轮螺栓,/,/,20.0,/,/,/,/,/,/,/,STD
六角法兰面螺栓,/,/,5.0,/,/,/,/,/,/,/,STD
搭铁螺栓,/,/,43.0,/,/,/,/,/,/,/,STD
定位螺栓,/,/,16.0,/,/,/,/,/,/,/,STD
六角法兰面螺栓,/,/,4.0,/,/,/,/,/,/,/,STD
内六角花形盘头螺钉,/,/,12.0,/,/,/,/,/,/,/,STD
内六角平圆头螺钉,/,/,4.0,/,/,/,/,/,/,/,STD
内六角花形大半圆头螺钉和平垫圈组合件,/,/,6.0,/,/,/,/,/,/,/,STD
内六角花形大半圆头螺钉和平垫圈组合件,/,/,4.0,/,/,/,/,/,/,/,STD
内六角花形盘头螺钉,/,/,4.0,/,/,/,/,/,/,/,STD
内六角花型大盘头螺栓,/,/,17.0,/,/,/,/,/,/,/,STD
内六角花形大半圆头自攻螺钉,/,/,24.0,/,/,/,/,/,/,/,STD
限位螺栓,/,/,2.0,/,/,/,/,/,/,/,STD
内六角花形扁圆头螺钉,/,/,12.0,/,/,/,/,/,/,/,STD
内六角花形扁圆头螺钉,/,/,12.0,/,/,/,/,/,/,/,STD
内六角花形扁圆头螺钉,/,/,10.0,/,/,/,/,/,/,/,STD
内六角盘头螺钉和平垫圈组合件,/,/,2.0,/,/,/,/,/,/,/,STD
内六角花型大平头自攻螺钉,/,/,8.0,/,/,/,/,/,/,/,STD
内六角花形盘头螺钉,/,/,4.0,/,/,/,/,/,/,/,STD
六角法兰面自攻螺钉和平垫圈组合件,/,/,2.0,/,/,/,/,/,/,/,STD
内六角花形大半圆头自攻螺钉,/,/,96.0,/,/,/,/,/,/,/,STD
内六角花形盘头自攻螺钉,/,/,2.0,/,/,/,/,/,/,/,STD
内六角花形自攻螺钉,/,/,8.0,/,/,/,/,/,/,/,STD
搭铁螺母,/,/,6.0,/,/,/,/,/,/,/,STD
六角大法兰面螺母,/,/,8.0,/,/,/,/,/,/,/,STD
六角法兰面螺母,/,/,7.0,/,/,/,/,/,/,/,STD
六角螺母和锥形大垫圈组合件,/,/,3.0,/,/,/,/,/,/,/,STD
轮毂锁紧螺母,/,/,2.0,/,/,/,/,/,/,/,STD
全金属六角法兰面锁紧螺母,/,/,6.0,/,/,/,/,/,/,/,STD
非金属嵌件六角法兰面锁紧螺母,/,/,4.0,/,/,/,/,/,/,/,STD
球头卡扣,/,/,2.0,/,/,/,/,/,/,/,STD
密封卡扣,/,/,74.0,/,/,/,/,/,/,/,STD
密封卡扣,/,/,16.0,/,/,/,/,/,/,/,STD
塑料螺母,/,/,34.0,/,/,/,/,/,/,/,STD
E型环,/,/,4.0,/,/,/,/,/,/,/,STD
簧片螺母,/,/,4.0,/,/,/,/,/,/,/,STD
A型通孔式嵌装塑料螺母,/,/,6.0,/,/,/,/,/,/,/,STD
前制动软管安装垫圈,/,/,8.0,/,/,/,/,/,/,/,STD
双管管夹,/,/,5.0,/,/,/,/,/,/,/,STD
制动管路三管夹,/,/,2.0,/,/,/,/,/,/,/,STD
四管管夹,/,/,9.0,/,/,/,/,/,/,/,STD
金属卡子,/,/,24.0,/,/,/,/,/,/,/,STD
开尾销,/,/,26.0,/,/,/,/,/,/,/,STD
塑料卡扣,/,/,2.0,/,/,/,/,/,/,/,STD
塑料卡扣,/,/,14.0,/,/,/,/,/,/,/,STD
卡扣,/,/,41.0,/,/,/,/,/,/,/,STD
子母扣,/,/,10.0,/,/,/,/,/,/,/,STD
7/16英制螺栓（25）,/,/,4.0,/,/,/,/,/,/,/,STD
内六角盘头螺钉,/,/,4.0,/,/,/,/,/,/,/,STD
内六角花形盘头螺钉,/,/,19.0,/,/,/,/,/,/,/,STD
十字槽盘头自攻螺钉与平垫圈组合件,/,/,3.0,/,/,/,/,/,/,/,STD
十字槽盘头自攻螺钉和平垫圈组合件,/,/,8.0,/,/,/,/,/,/,/,STD
十字槽盘头自攻钉和平垫圈组合件,/,/,2.0,/,/,/,/,/,/,/,STD
十字槽盘头自攻螺钉和大垫圈组合件,/,/,2.0,/,/,/,/,/,/,/,STD
十字槽盘头自攻螺钉和大垫圈组合件,/,/,4.0,/,/,/,/,/,/,/,STD
内六角花形沉头螺钉,/,/,10.0,/,/,/,/,/,/,/,STD
六角法兰面自攻螺钉,/,/,12.0,/,/,/,/,/,/,/,STD
十字槽盘头自攻螺钉-C型,/,/,2.0,/,/,/,/,/,/,/,STD
十字槽盘头自攻螺钉-C型,/,/,16.0,/,/,/,/,/,/,/,STD
十字槽大半圆头自攻螺钉,/,/,12.0,/,/,/,/,/,/,/,STD
十字槽大半圆头螺钉-C型,/,/,2.0,/,/,/,/,/,/,/,STD
十字槽大半圆头自攻螺钉-C型,/,/,44.0,/,/,/,/,/,/,/,STD
十字槽大半圆头自攻螺钉-C型,/,/,6.0,/,/,/,/,/,/,/,STD
开口型平圆头抽芯铆钉,/,/,10.0,/,/,/,/,/,/,/,STD
钢带式弹性软管夹箍,/,/,2.0,/,/,/,/,/,/,/,STD
钢带式弹性软管夹箍,/,/,2.0,/,/,/,/,/,/,/,STD
钢带式弹性软管夹箍,/,/,3.0,/,/,/,/,/,/,/,STD
B型钢带式弹性软管夹箍,/,/,9.0,/,/,/,/,/,/,/,STD
钢带式弹性软管夹箍-预张开式,/,/,4.0,/,/,/,/,/,/,/,STD
钢带式弹性软管夹箍-预张开式,/,/,1.0,/,/,/,/,/,/,/,STD
钢带式弹性软管夹箍,/,/,2.0,/,/,/,/,/,/,/,STD
钢带式弹性软管夹箍,/,/,9.0,/,/,/,/,/,/,/,STD
B型钢带式弹性软管夹箍,/,/,3.0,/,/,/,/,/,/,/,STD
钢带式弹性软管夹箍-预张开式,/,/,3.0,/,/,/,/,/,/,/,STD
前防撞梁左连接板,C,0.101,1.0,159,78,65,140,365,275,210,P
前防撞梁右连接板,C,0.101,1.0,159,78,65,140,365,275,210,P
前围板前横梁空腔隔断,C,0.027,1.0,158,76,36,100,650,435,160,P
前机舱封板左加强板总成,B,3.699,1.0,896,410,369,5,1330,1140,545,P
前机舱封板右加强板总成,B,3.699,1.0,896,410,369,5,1330,1140,545,P
左门槛内板总成,B,13.148,1.0,2349,364,333,6,2700,1600,590,P
左A柱里板下部总成,B,4.45,1.0,949,567,132,24,1330,1140,730,P
右A柱里板下部总成,B,4.45,1.0,949,567,132,24,1330,1140,730,P
后围板焊接总成,B,5.3,1.0,1263,420,159,14,1600,1140,1150,P
顶盖前横梁焊接总成,B,3.28,1.0,1266,200,56,24,1600,1150,590,P
顶盖后横梁焊接总成,B,4.12,1.0,190,291,130,22,1600,1140,545,P
顶盖第四横梁,B,1.713,1.0,1280,140,52,180,1600,1140,545,P
左前门上铰链总成,C,0.31,2.0,98,66,51,36,400,300,148,P
右前门上铰链总成,C,0.31,2.0,98,66,51,36,400,300,148,P
发动机罩左铰链,C,0.653,1.0,313,165,88,10,650,435,160,P
发动机罩右铰链,C,0.653,1.0,313,165,88,10,650,435,160,P
蓄电池压板总成,C,1.088,1.0,355,255,85,12,650,435,260,P
前风窗流水槽总成,B,9.806,1.0,1523,516,385,6,1700,1140,280,P
大天窗加强环组件,B,6.896,1.0,1273,996,53,24,1600,1150,1200,P
顶盖天窗加强环焊接总成,B,6.725,1.0,1278,876,106,24,1600,1150,1200,P
背门铰链,C,0.337,2.0,77,68,55,36,400,300,148,P
右门槛内板总成,B,12.897,1.0,2349,364,333,6,2700,1600,590,P
前围加强梁总成,B,10.87,1.0,1339,340,291,9,1600,1150,780,P
前围板焊接总成,B,10.34,1.0,1340,574,423,6,1600,1150,1200,P
前围横梁组件,B,1.85,1.0,551,195,111,8,650,435,260,P
车架左前段总成,B,15.009,1.0,1193,620,547,7,2300,1600,780,P
车架右前段总成,B,15.009,1.0,1193,624,442,9,2300,1600,780,P
六角头螺栓和大平垫圈组合件,/,/,2.0,/,/,/,/,/,/,/,STD
六角法兰面螺栓,/,/,41.0,/,/,/,/,/,/,/,STD
六角法兰面螺栓,/,/,4.0,/,/,/,/,/,/,/,STD
六角法兰面螺栓,/,/,2.0,/,/,/,/,/,/,/,STD
六角头螺栓和大平垫圈组合件,/,/,4.0,/,/,/,/,/,/,/,STD
六角头螺栓和平垫圈组合件,/,/,4.0,/,/,/,/,/,/,/,STD
组合螺栓,/,/,4.0,/,/,/,/,/,/,/,STD
内十二齿花形法兰面螺栓,/,/,12.0,/,/,/,/,/,/,/,STD
六角法兰面螺母,/,/,4.0,/,/,/,/,/,/,/,STD
自穿刺铆钉,/,/,57.0,/,/,/,/,/,/,/,STD
自穿刺铆钉,/,/,42.0,/,/,/,/,/,/,/,STD
发动机总成,A,,1.0,805,600,688,,,,,总装总成自制件
后桥总成,A,,1.0,1775,1040,380,,,,,总装总成自制件
前端模块总成,A,,1.0,1390,515,750,,,,,总装总成自制件
前悬总成,A,,1.0,1673,950,400,,,,,总装总成自制件
仪表板总成,A,,1.0,1708,817,750,,,,,总装总成自制件
左前制动器总成,A,,1.0,620,405,200,,,,,总装总成自制件
右前制动器总成,A,,1.0,620,405,200,,,,,总装总成自制件
前地板总成,A,,1.0,1520,292,1683,,,,,焊装总成自制件
后车体总成,A,,1.0,1993,1506,488,,,,,焊装总成自制件
左侧围总成,A,,1.0,3997,685,1605,,,,,焊装总成自制件
右侧围总成,A,,1.0,3997,685,1605,,,,,焊装总成自制件
发动机罩,A,,1.0,1775,221,989,,,,,焊装总成自制件
背门/行李箱盖,A,,1.0,1741,454,1127,,,,,焊装总成自制件
左前门,A,,1.0,1181,263,1443,,,,,焊装总成自制件
右前门,A,,1.0,1181,263,1443,,,,,焊装总成自制件
左后门,A,,1.0,1335,313,1540,,,,,焊装总成自制件
右后门,A,,1.0,1335,313,1540,,,,,焊装总成自制件
左减震塔,A,,1.0,1005,840,472,,,,,焊装总成自制件
右减震塔,A,,1.0,1005,840,472,,,,,焊装总成自制件
左翼子板,A,2.6,1.0,1070,231,1076,,,,,冲焊自制件
右翼子板,A,2.6,1.0,1070,231,1076,,,,,冲焊自制件
顶盖外板,A,20,1.0,2996,1335,198,,,,,冲焊自制件
前保险杠总成,A,,1.0,1978.35,620,745.412,,,,,涂树自制件
后保险杠总成,A,,1.0,1896.24,800,820.24,,,,,涂树自制件
燃油管单管夹,/,/,3.0,/,/,/,/,/,/,/,/
碳罐控制阀,/,/,1.0,/,/,/,/,/,/,/,/
高压发电机盖板,/,/,1.0,/,/,/,/,/,/,/,/
发动机后悬置支架,/,/,1.0,/,/,/,/,/,/,/,/
消声器密封垫,/,/,1.0,/,/,/,/,/,/,/,/
发动机连接管,/,/,1.0,/,/,/,/,/,/,/,/
四通控制阀总成,/,/,1.0,/,/,/,/,/,/,/,/
发动机燃油管路支架,/,/,1.0,/,/,/,/,/,/,/,/
炭罐脱附管3,/,/,1.0,/,/,/,/,/,/,/,/
炭罐脱附管4,/,/,1.0,/,/,/,/,/,/,/,/
水管支架3,/,/,1.0,/,/,/,/,/,/,/,/
水管支架5,/,/,1.0,/,/,/,/,/,/,/,/
水管支架6,/,/,1.0,/,/,/,/,/,/,/,/
增程控制器进水软管,/,/,1.0,/,/,/,/,/,/,/,/
发动机副水箱通气管,/,/,1.0,/,/,/,/,/,/,/,/
压缩机总成,/,/,1.0,/,/,/,/,/,/,/,/
压缩机支架总成,/,/,1.0,/,/,/,/,/,/,/,/
高压发电机盖板,/,/,1.0,/,/,/,/,/,/,/,/
供油管3,/,/,1.0,/,/,/,/,/,/,/,/
燃油管路支架,/,/,1.0,/,/,/,/,/,/,/,/
空滤器支撑2,/,/,1.0,/,/,/,/,/,/,/,/
炭罐脱附管2,/,/,1.0,/,/,/,/,/,/,/,/
四通比例阀安装支架,/,/,1.0,/,/,/,/,/,/,/,/
水管支架1,/,/,1.0,/,/,/,/,/,/,/,/
前电机进水软管,/,/,1.0,/,/,/,/,/,/,/,/
水泵出水软管,/,/,1.0,/,/,/,/,/,/,/,/
chiller2到四通水管,/,/,1.0,/,/,/,/,/,/,/,/
高温散热器出水管,/,/,1.0,/,/,/,/,/,/,/,/
高温散热器进水管,/,/,1.0,/,/,/,/,/,/,/,/
四通控制阀到chiller水管,/,/,1.0,/,/,/,/,/,/,/,/
电机水泵进水管总成,/,/,1.0,/,/,/,/,/,/,/,/
中冷水泵进水管总成,/,/,1.0,/,/,/,/,/,/,/,/
中冷水泵到中冷器水管总成,/,/,1.0,/,/,/,/,/,/,/,/
发动机暖风回水管,/,/,1.0,/,/,/,/,/,/,/,/
电机水泵到前电驱控制器水管,/,/,1.0,/,/,/,/,/,/,/,/
发动机到暖芯水泵水管总成,/,/,1.0,/,/,/,/,/,/,/,/
暖芯回路电子水泵总成,/,/,1.0,/,/,/,/,/,/,/,/
暖芯水泵到PTC水管,/,/,1.0,/,/,/,/,/,/,/,/
水泵安装支架1,/,/,1.0,/,/,/,/,/,/,/,/
水泵安装支架2,/,/,1.0,/,/,/,/,/,/,/,/
水泵安装支架3,/,/,1.0,/,/,/,/,/,/,/,/
四通阀到暖芯水泵水管,/,/,1.0,/,/,/,/,/,/,/,/
水泵安装支架4,/,/,1.0,/,/,/,/,/,/,/,/
电机水泵总成,/,/,1.0,/,/,/,/,/,/,/,/
电池包水泵总成,/,/,1.0,/,/,/,/,/,/,/,/
中冷水泵总成,/,/,1.0,/,/,/,/,/,/,/,/
前连接轴总成,/,/,1.0,/,/,/,/,/,/,/,/
发动机线束支架,/,/,1.0,/,/,/,/,/,/,/,/
发动机线束支架,/,/,1.0,/,/,/,/,/,/,/,/
变速箱搭铁线束,/,/,1.0,/,/,/,/,/,/,/,/
空调管路安装支架,/,/,1.0,/,/,/,/,/,/,/,/
发电机控制器高压线束总成,/,/,1.0,/,/,/,/,/,/,/,/
发电机控制器高压线束总成支架3,/,/,1.0,/,/,/,/,/,/,/,/
前舱电池包加热PTC-压缩机高压线束总成支架3,/,/,1.0,/,/,/,/,/,/,/,/
发动机线束支架,/,/,1.0,/,/,/,/,/,/,/,/
发动机总成,/,/,1.0,/,/,/,/,/,/,/,/
电驱动单元总成,/,/,1.0,/,/,/,/,/,/,/,/
六角头螺栓和平垫圈组合件,/,/,1.0,/,/,/,/,/,/,/,/
六角法兰面螺栓,/,/,9.0,/,/,/,/,/,/,/,/
六角法兰面螺栓,/,/,1.0,/,/,/,/,/,/,/,/
六角法兰面螺栓,/,/,17.0,/,/,/,/,/,/,/,/
六角法兰面螺栓,/,/,4.0,/,/,/,/,/,/,/,/
六角法兰面螺栓,/,/,4.0,/,/,/,/,/,/,/,/
六角法兰面螺栓,/,/,2.0,/,/,/,/,/,/,/,/
六角法兰面螺栓,/,/,2.0,/,/,/,/,/,/,/,/
六角法兰面螺栓,/,/,2.0,/,/,/,/,/,/,/,/
六角法兰面螺栓,/,/,4.0,/,/,/,/,/,/,/,/
六角法兰面螺栓,/,/,1.0,/,/,/,/,/,/,/,/
六角法兰面螺栓,/,/,3.0,/,/,/,/,/,/,/,/
六角法兰面螺栓,/,/,1.0,/,/,/,/,/,/,/,/
六角法兰面螺母,/,/,9.0,/,/,/,/,/,/,/,/
双头螺柱,/,/,1.0,/,/,/,/,/,/,/,/
六角头螺栓和锥形弹性垫圈组合件,/,/,4.0,/,/,/,/,/,/,/,/
六角头螺栓和弹性垫圈组合件,/,/,4.0,/,/,/,/,/,/,/,/
六角法兰面螺栓,/,/,3.0,/,/,/,/,/,/,/,/
六角法兰面螺母,/,/,1.0,/,/,/,/,/,/,/,/
全金属六角法兰面锁紧螺母,/,/,2.0,/,/,/,/,/,/,/,/
隔离管夹,/,/,1.0,/,/,/,/,/,/,/,/
十字槽球头螺栓,/,/,2.0,/,/,/,/,/,/,/,/
弹性销,/,/,2.0,/,/,/,/,/,/,/,/
内六角圆柱头螺钉,/,/,2.0,/,/,/,/,/,/,/,/
钢带式弹性软管夹箍,/,/,1.0,/,/,/,/,/,/,/,/
B型钢带式弹性软管夹箍,/,/,2.0,/,/,/,/,/,/,/,/
钢带式弹性软管夹箍,/,/,7.0,/,/,/,/,/,/,/,/
B型钢带式弹性软管夹箍,/,/,3.0,/,/,/,/,/,/,/,/
钢带式弹性软管夹箍-预张开式,/,/,1.0,/,/,/,/,/,/,/,/
钢带式弹性软管夹箍,/,/,2.0,/,/,/,/,/,/,/,/
卡扣,/,/,2.0,/,/,/,/,/,/,/,/
后电驱控制器包裹,/,/,1.0,/,/,/,/,/,/,/,/
后悬架吊钩,/,/,1.0,/,/,/,/,/,/,/,/
左后驱动轴总成,/,/,1.0,/,/,/,/,/,/,/,/
右后驱动轴总成,/,/,1.0,/,/,/,/,/,/,/,/
连接轴总成,/,/,1.0,/,/,/,/,/,/,/,/
后电机右悬置支架,/,/,1.0,/,/,/,/,/,/,/,/
后电机左悬置支架,/,/,1.0,/,/,/,/,/,/,/,/
后电机后悬置支架,/,/,1.0,/,/,/,/,/,/,/,/
后副车架合件,/,/,1.0,/,/,/,/,/,/,/,/
左后空气弹簧总成,B,3.2,1.0,321,235,209,50,1330,1140,1090,P
右后空气弹簧总成,B,3.2,1.0,321,235,209,50,1330,1140,1090,P
后悬架后下控制臂,/,/,1.0,/,/,/,/,/,/,/,/
后悬架右后下控制臂,/,/,1.0,/,/,/,/,/,/,/,/
后稳定杆总成,/,/,1.0,/,/,/,/,/,/,/,/
后稳定杆接头总成,/,/,2.0,/,/,/,/,/,/,/,/
轮毂轴承密封圈,/,/,2.0,/,/,/,/,/,/,/,/
左后制动钳总成,/,/,1.0,/,/,/,/,/,/,/,/
右后制动钳总成,/,/,1.0,/,/,/,/,/,/,/,/
左轮速传感器总成,C,0.009,1.0,71,41,17,140,550,360,150,P
右轮速传感器总成,C,0.009,1.0,71,41,17,140,550,360,150,P
后电机搭铁线束,/,/,1.0,/,/,/,/,/,/,/,/
左后带支架高度传感器总成,/,/,1.0,/,/,/,/,/,/,/,/
右后带支架高度传感器总成,/,/,1.0,/,/,/,/,/,/,/,/
轮毂轴承总成,/,/,2.0,/,/,/,/,/,/,/,/
左后转向节总成,/,/,1.0,/,/,/,/,/,/,/,/
右后转向节总成,/,/,1.0,/,/,/,/,/,/,/,/
后悬架左后上控制臂,/,/,1.0,/,/,/,/,/,/,/,/
后悬架右后上控制臂,/,/,1.0,/,/,/,/,/,/,/,/
后悬架前上控制臂,/,/,2.0,/,/,/,/,/,/,/,/
后悬架前下控制臂,/,/,2.0,/,/,/,/,/,/,/,/
左后前束连杆,/,/,1.0,/,/,/,/,/,/,/,/
右后前束连杆,/,/,1.0,/,/,/,/,/,/,/,/
后轮转向器总成,/,/,1.0,/,/,/,/,/,/,/,/
后轮转向器合件,/,/,1.0,/,/,/,/,/,/,/,/
后电驱系统合件,/,/,1.0,/,/,/,/,/,/,/,/
后制动盘,/,/,2.0,/,/,/,/,/,/,/,/
左后轮速传感器线束支架,C,0.05,1.0,81,64,35,350,435,325,160,P
右后轮速传感器线束支架,C,0.05,1.0,81,64,35,350,436,326,161,P
六角头螺栓和平垫圈组合件,/,/,2.0,/,/,/,/,/,/,/,/
六角头螺栓和平垫圈组合件,/,/,2.0,/,/,/,/,/,/,/,/
六角头螺栓和平垫圈组合件,/,/,2.0,/,/,/,/,/,/,/,/
六角法兰面螺栓,/,/,2.0,/,/,/,/,/,/,/,/
六角法兰面螺栓,/,/,3.0,/,/,/,/,/,/,/,/
六角法兰面螺栓,/,/,1.0,/,/,/,/,/,/,/,/
六角法兰面螺栓,/,/,2.0,/,/,/,/,/,/,/,/
六角法兰面螺栓,/,/,4.0,/,/,/,/,/,/,/,/
六角法兰面螺栓,/,/,3.0,/,/,/,/,/,/,/,/
六角法兰面螺栓,/,/,6.0,/,/,/,/,/,/,/,/
六角法兰面螺栓,/,/,4.0,/,/,/,/,/,/,/,/
六角法兰面螺栓,/,/,2.0,/,/,/,/,/,/,/,/
制动盘安装螺钉,/,/,4.0,/,/,/,/,/,/,/,/
六角法兰面螺母,/,/,2.0,/,/,/,/,/,/,/,/
非金属嵌件六角法兰面锁紧螺母,/,/,4.0,/,/,/,/,/,/,/,/
非金属嵌件六角法兰面锁紧螺母,/,/,6.0,/,/,/,/,/,/,/,/
六角法兰面螺栓,/,/,2.0,/,/,/,/,/,/,/,/
支架螺栓,/,/,4.0,/,/,/,/,/,/,/,/
六角法兰面螺栓,/,/,2.0,/,/,/,/,/,/,/,/
六角法兰面螺栓和带齿垫圈组合件,/,/,4.0,/,/,/,/,/,/,/,/
六角法兰面螺栓,/,/,4.0,/,/,/,/,/,/,/,/
偏心螺栓,/,/,2.0,/,/,/,/,/,/,/,/
六角法兰面螺栓,/,/,2.0,/,/,/,/,/,/,/,/
偏心螺栓,/,/,2.0,/,/,/,/,/,/,/,/
带导向六角法兰面螺栓和平垫圈组合件,/,/,2.0,/,/,/,/,/,/,/,/
六角法兰面螺栓,/,/,2.0,/,/,/,/,/,/,/,/
带导向六角法兰面螺栓,/,/,2.0,/,/,/,/,/,/,/,/
转向节螺栓,/,/,8.0,/,/,/,/,/,/,/,/
六角法兰面螺母,/,/,2.0,/,/,/,/,/,/,/,/
轮毂锁紧螺母,/,/,2.0,/,/,/,/,/,/,/,/
非金属嵌件六角法兰面锁紧螺母,/,/,10.0,/,/,/,/,/,/,/,/
大垫圈,/,/,2.0,/,/,/,/,/,/,/,/
偏心垫片,/,/,4.0,/,/,/,/,/,/,/,/
中冷器衬套,C,0.008,1.0,24,23,20,1500,365,275,220,P
隔振垫2,C,0.017,1.0,49,49,16,1000,650,436,260,P
隔振垫3,C,0.02,1.0,46,45,26,1000,650,436,260,P
中冷器固定支架2,C,0.191,1.0,139,65,61,76,435,325,160,P
低温散热器总成,/,/,1.0,/,/,/,/,/,/,/,/
散热器上减振垫,/,/,2.0,/,/,/,/,/,/,/,/
散热器下减振垫,/,/,2.0,/,/,/,/,/,/,/,/
机舱连接板焊接总成,B,6.159,1.0,1318,411,148,10,1550,1140,750,P
LLP横梁左安装支架组件,/,/,1.0,/,/,/,/,/,/,/,/
LLP横梁右安装支架组件,/,/,1.0,/,/,/,/,/,/,/,/
LLP横梁焊接总成,/,/,1.0,/,/,/,/,/,/,/,/
前防撞梁总成,/,/,1.0,/,/,/,/,/,/,/,/
冷凝器总成,/,/,1.0,/,/,/,/,/,/,/,/
高温散热器总成,/,/,1.0,/,/,/,/,/,/,/,/
散热器上支架,C,0.314,1.0,212,149,84,60,650,435,260,P
散热器支架,C,0.142,1.0,121,76,57,60,365,275,210,P
压缩机排出管路总成1,C,0.27,1.0,332,316,100,30,650,435,260,P
压缩机排出管路总成2,/,/,1.0,/,/,/,/,/,/,/,/
散热器下支架,/,0.117,1.0,/,/,/,80,435,325,210,/
散热器上支架,/,0.072,1.0,/,/,/,160,435,325,210,/
散热器支架,C,0.368,1.0,179,178,97,20,435,325,210,P
低温散热器进水管,/,/,1.0,/,/,/,/,/,/,/,/
PTC2进水软管,C,0.095,1.0,200,117,55,100,550,350,255,P
水加热PTC总成,C,2.7,1.0,325,216,78,3,400,300,280,KZQZC
散热器电子风扇总成,/,/,1.0,/,/,/,/,/,/,/,/
散热器上支架,/,/,2.0,/,/,/,/,/,/,/,/
六角头螺栓和平垫圈组合件,/,/,2.0,/,/,/,/,/,/,/,/
六角头螺栓和平垫圈组合件,/,/,6.0,/,/,/,/,/,/,/,/
六角法兰面螺栓,/,/,4.0,/,/,/,/,/,/,/,/
六角法兰面螺栓,/,/,2.0,/,/,/,/,/,/,/,/
六角法兰面螺栓,/,/,8.0,/,/,/,/,/,/,/,/
六角法兰面螺栓,/,/,4.0,/,/,/,/,/,/,/,/
六角法兰面螺栓,/,/,4.0,/,/,/,/,/,/,/,/
六角法兰面螺栓,/,/,9.0,/,/,/,/,/,/,/,/
六角法兰面螺栓,/,/,1.0,/,/,/,/,/,/,/,/
六角法兰面螺栓,/,/,1.0,/,/,/,/,/,/,/,/
六角法兰面螺栓,/,/,2.0,/,/,/,/,/,/,/,/
六角法兰面螺栓,/,/,2.0,/,/,/,/,/,/,/,/
卡扣,/,/,2.0,/,/,/,/,/,/,/,/
十字槽盘头自攻螺钉-C型,/,/,2.0,/,/,/,/,/,/,/,/
钢带式弹性软管夹箍,/,/,1.0,/,/,/,/,/,/,/,/
钢带式弹性软管夹箍,/,/,2.0,/,/,/,/,/,/,/,/
前悬架左下控制臂总成,/,/,1.0,/,/,/,/,/,/,/,/
前悬架右下控制臂总成,/,/,1.0,/,/,/,/,/,/,/,/
前悬架下摆臂球头座,/,/,2.0,/,/,/,/,/,/,/,/
前稳定杆总成,/,/,1.0,/,/,/,/,/,/,/,/
转向器隔热板,/,/,1.0,/,/,/,/,/,/,/,/
转向器带横拉杆总成,/,/,1.0,/,/,/,/,/,/,/,/
前副车架总成,/,/,1.0,/,/,/,/,/,/,/,/
六角法兰面螺栓,/,/,3.0,/,/,/,/,/,/,/,/
非金属嵌件六角法兰面锁紧螺母,/,/,4.0,/,/,/,/,/,/,/,/
非金属嵌件六角法兰面锁紧螺母,/,/,4.0,/,/,/,/,/,/,/,/
六角法兰面螺栓和带齿垫圈组合件,/,/,4.0,/,/,/,/,/,/,/,/
六角法兰面螺栓,/,/,3.0,/,/,/,/,/,/,/,/
六角法兰面螺栓,/,/,4.0,/,/,/,/,/,/,/,/
内十二齿花形法兰面螺栓,/,/,4.0,/,/,/,/,/,/,/,/
六角加大法兰面螺母,/,/,2.0,/,/,/,/,/,/,/,/
大垫圈,/,/,2.0,/,/,/,/,/,/,/,/
点光源,/,/,1.0,/,/,/,/,/,/,/,/
转向管柱带中间轴总成,/,/,1.0,/,/,/,/,/,/,/,/
空气质量传感器,/,/,1.0,/,/,/,/,/,/,/,/
手套箱总成,/,/,1.0,/,/,/,/,/,/,/,/
手套箱总成,/,/,1.0,/,/,/,/,/,/,/,/
手套箱总成,/,/,1.0,/,/,/,/,/,/,/,/
左侧吹脚风管总成,/,/,1.0,/,/,/,/,/,/,/,/
右侧吹脚风管总成,/,/,1.0,/,/,/,/,/,/,/,/
转向柱上护罩总成,/,/,1.0,/,/,/,/,/,/,/,/
转向柱上护罩总成,/,/,1.0,/,/,/,/,/,/,/,/
转向柱上护罩总成,/,/,1.0,/,/,/,/,/,/,/,/
转向柱上护罩总成,/,/,1.0,/,/,/,/,/,/,/,/
转向柱下护罩总成,/,/,1.0,/,/,/,/,/,/,/,/
转向柱下护罩总成,/,/,1.0,/,/,/,/,/,/,/,/
转向柱下护罩总成,/,/,1.0,/,/,/,/,/,/,/,/
高音扬声器,/,/,2.0,/,/,/,/,/,/,/,/
组合仪表显示屏,/,/,1.0,/,/,/,/,/,/,/,/
仪表横梁,/,/,1.0,/,/,/,/,/,/,/,/
左侧装饰面板总成,/,/,1.0,/,/,/,/,/,/,/,/
左侧装饰面板总成,/,/,1.0,/,/,/,/,/,/,/,/
左侧装饰面板总成,/,/,1.0,/,/,/,/,/,/,/,/
左侧装饰面板总成,/,/,1.0,/,/,/,/,/,/,/,/
右侧装饰面板总成,/,/,1.0,/,/,/,/,/,/,/,/
右侧装饰面板总成,/,/,1.0,/,/,/,/,/,/,/,/
右侧装饰面板总成,/,/,1.0,/,/,/,/,/,/,/,/
右侧装饰面板总成,/,/,1.0,/,/,/,/,/,/,/,/
左侧出风口总成,/,/,1.0,/,/,/,/,/,/,/,/
右侧出风口总成,/,/,1.0,/,/,/,/,/,/,/,/
中央吹面风道总成,/,/,1.0,/,/,/,/,/,/,/,/
组合仪表显示屏盖板,/,/,1.0,/,/,/,/,/,/,/,/
组合仪表显示屏盖板,/,/,1.0,/,/,/,/,/,/,/,/
中央出风口总成,/,/,1.0,/,/,/,/,/,/,/,/
天线电缆,/,/,1.0,/,/,/,/,/,/,/,/
内置5G天线,/,/,1.0,/,/,/,/,/,/,/,/
中置扬声器,/,/,1.0,/,/,/,/,/,/,/,/
副驾驶位安全气囊模块,/,/,1.0,/,/,/,/,/,/,/,/
车身控制器支架,/,/,1.0,/,/,/,/,/,/,/,/
自动空调控制器,/,/,1.0,/,/,/,/,/,/,/,/
转向柱开关总成,/,/,1.0,/,/,/,/,/,/,/,/
仪表板本体总成,/,/,2.0,/,/,/,/,/,/,/,/
仪表板本体总成,/,/,1.0,/,/,/,/,/,/,/,/
屏幕上盖板总成,/,/,1.0,/,/,/,/,/,/,/,/
屏幕上盖板总成,/,/,1.0,/,/,/,/,/,/,/,/
手套箱总成,/,/,1.0,/,/,/,/,/,/,/,/
左除霜风管内侧总成,/,/,1.0,/,/,/,/,/,/,/,/
右除霜风管内侧总成,/,/,1.0,/,/,/,/,/,/,/,/
仪表板左上盖板总成,/,/,1.0,/,/,/,/,/,/,/,/
仪表板左上盖板总成,/,/,1.0,/,/,/,/,/,/,/,/
空调对接过渡风道,/,/,1.0,/,/,/,/,/,/,/,/
PM2.5传感器,/,/,1.0,/,/,/,/,/,/,/,/
负离子发生器,/,/,1.0,/,/,/,/,/,/,/,/
屏幕上盖板装饰件,/,/,1.0,/,/,/,/,/,/,/,/
屏幕上盖板装饰件,/,/,1.0,/,/,/,/,/,/,/,/
喇叭罩总成,/,/,1.0,/,/,/,/,/,/,/,/
喇叭罩总成,/,/,1.0,/,/,/,/,/,/,/,/
高音喇叭罩总成,/,/,2.0,/,/,/,/,/,/,/,/
高音喇叭罩总成,/,/,2.0,/,/,/,/,/,/,/,/
车身控制器,/,/,1.0,/,/,/,/,/,/,/,/
网关,/,/,1.0,/,/,/,/,/,/,/,/
T-BOX,/,/,1.0,/,/,/,/,/,/,/,/
车载信息娱乐系统合件,/,/,1.0,/,/,/,/,/,/,/,/
仪表线束总成合件,/,/,1.0,/,/,/,/,/,/,/,/
双联屏,/,/,1.0,/,/,/,/,/,/,/,/
六角法兰面螺栓,/,/,5.0,/,/,/,/,/,/,/,/
六角法兰面螺栓,/,/,2.0,/,/,/,/,/,/,/,/
六角法兰面螺栓,/,/,2.0,/,/,/,/,/,/,/,/
六角法兰面螺栓,/,/,2.0,/,/,/,/,/,/,/,/
六角法兰面螺栓,/,/,4.0,/,/,/,/,/,/,/,/
六角法兰面螺母,/,/,11.0,/,/,/,/,/,/,/,/
六角法兰面螺母,/,/,2.0,/,/,/,/,/,/,/,/
六角法兰面承面带齿锁紧螺母,/,/,2.0,/,/,/,/,/,/,/,/
十字槽六角头法兰面螺栓,/,/,26.0,/,/,/,/,/,/,/,/
搭铁螺栓,/,/,5.0,/,/,/,/,/,/,/,/
内六角花形盘头自攻螺钉,/,/,6.0,/,/,/,/,/,/,/,/
内六角花形自攻螺钉,/,/,71.0,/,/,/,/,/,/,/,/
开口型平圆头抽芯铆钉,/,/,2.0,/,/,/,/,/,/,/,/
十字槽盘头自攻螺钉-F型,/,/,2.0,/,/,/,/,/,/,/,/
十字槽大半圆头自攻螺钉-C型,/,/,2.0,/,/,/,/,/,/,/,/
十字槽大半圆头自攻螺钉-C型,/,/,2.0,/,/,/,/,/,/,/,/
左前转向节总成,/,/,1.0,/,/,/,/,/,/,/,/
右前转向节总成,/,/,1.0,/,/,/,/,/,/,/,/
轮毂轴承密封圈,/,/,2.0,/,/,/,/,/,/,/,/
轮毂轴承总成,/,/,2.0,/,/,/,/,/,/,/,/
前制动盘,/,/,2.0,/,/,/,/,/,/,/,/
左前制动钳总成,/,/,1.0,/,/,/,/,/,/,/,/
右前制动钳总成,/,/,1.0,/,/,/,/,/,/,/,/
制动盘安装螺钉,/,/,4.0,/,/,/,/,/,/,/,/
支架螺栓,/,/,4.0,/,/,/,/,/,/,/,/
转向节螺栓,/,/,8.0,/,/,/,/,/,/,/,/
右前地板总成,/,/,1.0,/,/,/,/,/,/,/,/
前地板梁架总成,/,/,1.0,/,/,/,/,/,/,/,/
左前地板总成,/,/,1.0,/,/,/,/,/,/,/,/
后地板后横梁总成,/,/,1.0,/,/,/,/,/,/,/,/
后承载地板总成,/,/,1.0,/,/,/,/,/,/,/,/
左后纵梁总成,/,/,1.0,/,/,/,/,/,/,/,/
后地板前横梁下板总成,/,/,1.0,/,/,/,/,/,/,/,/
后地板分总成,/,/,1.0,/,/,/,/,/,/,/,/
后地板中横梁总成,/,/,1.0,/,/,/,/,/,/,/,/
右后纵梁总成,/,/,1.0,/,/,/,/,/,/,/,/
左侧围外板连接板支撑板总成,/,/,1.0,/,/,/,/,/,/,/,/
A柱骨架上加强板外空腔隔断,/,/,1.0,/,/,/,/,/,/,/,/
后支柱内板角板下部外空腔隔断,/,/,1.0,/,/,/,/,/,/,/,/
左D柱加强板上段内空腔隔断,/,/,1.0,/,/,/,/,/,/,/,/
左D柱加强板上段外空腔隔断,/,/,1.0,/,/,/,/,/,/,/,/
后支柱内板下板内空腔隔断,/,/,1.0,/,/,/,/,/,/,/,/
后支柱内板下板外空腔隔断,/,/,1.0,/,/,/,/,/,/,/,/
B柱下加强板下部外空腔隔断,/,/,1.0,/,/,/,/,/,/,/,/
A柱骨架下加强板下部外空腔隔断,/,/,1.0,/,/,/,/,/,/,/,/
A柱后空腔隔断,/,/,2.0,/,/,/,/,/,/,/,/
车身补强板3,/,/,1.0,/,/,/,/,/,/,/,/
车身补强板4,/,/,1.0,/,/,/,/,/,/,/,/
车身补强板5,/,/,1.0,/,/,/,/,/,/,/,/
左D柱上结构增强件,/,/,1.0,/,/,/,/,/,/,/,/
左D柱下结构增强件,/,/,1.0,/,/,/,/,/,/,/,/
翼子板下安装支架组件,/,/,2.0,/,/,/,/,/,/,/,/
左侧后流水槽支架,/,/,1.0,/,/,/,/,/,/,/,/
左后轮罩外板下部总成,/,/,1.0,/,/,/,/,/,/,/,/
左D柱内板总成,/,/,1.0,/,/,/,/,/,/,/,/
左D柱加强板总成,/,/,1.0,/,/,/,/,/,/,/,/
左后轮罩外板后部,/,/,1.0,/,/,/,/,/,/,/,/
左后组合灯座板总成,/,/,1.0,/,/,/,/,/,/,/,/
左后支柱内板总成,/,/,1.0,/,/,/,/,/,/,/,/
左侧围外板连接板总成,/,/,1.0,/,/,/,/,/,/,/,/
左中滑轨安装板总成,/,/,1.0,/,/,/,/,/,/,/,/
左侧围外板连接板补板,/,/,1.0,/,/,/,/,/,/,/,/
左前翼子板后侧连接支架组件,/,/,1.0,/,/,/,/,/,/,/,/
左后轮罩外板上部总成,/,/,1.0,/,/,/,/,/,/,/,/
左前支柱总成,/,/,1.0,/,/,/,/,/,/,/,/
左后轮罩内板总成,/,/,1.0,/,/,/,/,/,/,/,/
六角法兰面螺栓,/,/,2.0,/,/,/,/,/,/,/,/
盲孔平头六角铆螺母,/,/,3.0,/,/,/,/,/,/,/,/
右侧围外板连接板支撑板总成,/,/,1.0,/,/,/,/,/,/,/,/
A柱骨架上加强板外空腔隔断,/,/,1.0,/,/,/,/,/,/,/,/
后支柱内板角板下部外空腔隔断,/,/,1.0,/,/,/,/,/,/,/,/
右D柱加强板上段内空腔隔断,/,/,1.0,/,/,/,/,/,/,/,/
右D柱加强板上段外空腔隔断,/,/,1.0,/,/,/,/,/,/,/,/
后支柱内板下板内空腔隔断,/,/,1.0,/,/,/,/,/,/,/,/
后支柱内板下板外空腔隔断,/,/,1.0,/,/,/,/,/,/,/,/
B柱下加强板下部外空腔隔断,/,/,1.0,/,/,/,/,/,/,/,/
A柱骨架下加强板下部外空腔隔断,/,/,1.0,/,/,/,/,/,/,/,/
A柱后空腔隔断,/,/,2.0,/,/,/,/,/,/,/,/
车身补强板3,/,/,1.0,/,/,/,/,/,/,/,/
车身补强板4,/,/,1.0,/,/,/,/,/,/,/,/
车身补强板5,/,/,1.0,/,/,/,/,/,/,/,/
右D柱上结构增强件,/,/,1.0,/,/,/,/,/,/,/,/
右D柱下结构增强件,/,/,1.0,/,/,/,/,/,/,/,/
翼子板下安装支架组件,/,/,2.0,/,/,/,/,/,/,/,/
右侧后流水槽支架,/,/,1.0,/,/,/,/,/,/,/,/
右D柱加强板总成,/,/,1.0,/,/,/,/,/,/,/,/
右后组合灯座板总成,/,/,1.0,/,/,/,/,/,/,/,/
右后支柱内板总成,/,/,1.0,/,/,/,/,/,/,/,/
右侧围外板连接板总成,/,/,1.0,/,/,/,/,/,/,/,/
右中滑轨安装板总成,/,/,1.0,/,/,/,/,/,/,/,/
右侧围外板连接板补板,/,/,1.0,/,/,/,/,/,/,/,/
右前翼子板后侧连接支架组件,/,/,1.0,/,/,/,/,/,/,/,/
右D柱内板总成,/,/,1.0,/,/,/,/,/,/,/,/
右后轮罩外板上部总成,/,/,1.0,/,/,/,/,/,/,/,/
右前支柱总成,/,/,1.0,/,/,/,/,/,/,/,/
右后轮罩外板后部总成,/,/,1.0,/,/,/,/,/,/,/,/
右后轮罩内板总成,/,/,1.0,/,/,/,/,/,/,/,/
右后轮罩外板下部总成,/,/,1.0,/,/,/,/,/,/,/,/
六角法兰面螺栓,/,/,1.0,/,/,/,/,/,/,/,/
盲孔平头六角铆螺母,/,/,3.0,/,/,/,/,/,/,/,/
发动机罩右铰链加强板总成,/,/,1.0,/,/,/,/,/,/,/,/
发动机罩左铰链加强板总成,/,/,1.0,/,/,/,/,/,/,/,/
发动机罩外板加强板,/,/,1.0,/,/,/,/,/,/,/,/
发动机罩锁加强板总成,/,/,1.0,/,/,/,/,/,/,/,/
背门锁安装板,/,/,1.0,/,/,/,/,/,/,/,/
背门中部加强板总成,/,/,1.0,/,/,/,/,/,/,/,/
背门雨刮电机安装板总成,/,/,1.0,/,/,/,/,/,/,/,/
背门左铰链加强板总成,/,/,1.0,/,/,/,/,/,/,/,/
背门右铰链加强板总成,/,/,1.0,/,/,/,/,/,/,/,/
背门左限位块加强板总成,/,/,2.0,/,/,/,/,/,/,/,/
背门左撑杆固定加强板总成,/,/,1.0,/,/,/,/,/,/,/,/
背门右撑杆固定加强板总成,/,/,1.0,/,/,/,/,/,/,/,/
膨胀胶片1,/,/,2.0,/,/,/,/,/,/,/,/
车身补强板4,/,/,2.0,/,/,/,/,/,/,/,/
六角平头铆螺母,/,/,6.0,/,/,/,/,/,/,/,/
平头六角铆螺母,/,/,3.0,/,/,/,/,/,/,/,/
前车门补强板,/,/,1.0,/,/,/,/,/,/,/,/
左前门锁加强板,/,/,1.0,/,/,/,/,/,/,/,/
左前门外板加强梁,/,/,1.0,/,/,/,/,/,/,/,/
左前门外板窗台加强梁总成,/,/,1.0,/,/,/,/,/,/,/,/
左前门侧上铰链加强板总成,/,/,1.0,/,/,/,/,/,/,/,/
左前门侧下铰链加强板总成,/,/,1.0,/,/,/,/,/,/,/,/
左前门侧限位器加强板,/,/,1.0,/,/,/,/,/,/,/,/
左前门上窗框导轨,/,/,1.0,/,/,/,/,/,/,/,/
左前门窗台加强梁总成,/,/,1.0,/,/,/,/,/,/,/,/
左前门防侧撞梁总成,/,/,1.0,/,/,/,/,/,/,/,/
左前门导轨总成,/,/,1.0,/,/,/,/,/,/,/,/
六角平头铆螺母,/,/,2.0,/,/,/,/,/,/,/,/
前车门补强板,/,/,1.0,/,/,/,/,/,/,/,/
右前门锁加强板,/,/,1.0,/,/,/,/,/,/,/,/
右前门外板加强梁,/,/,1.0,/,/,/,/,/,/,/,/
右前门外板窗台加强梁总成,/,/,1.0,/,/,/,/,/,/,/,/
右前门侧上铰链加强板总成,/,/,1.0,/,/,/,/,/,/,/,/
右前门侧下铰链加强板总成,/,/,1.0,/,/,/,/,/,/,/,/
右前门侧限位器加强板,/,/,1.0,/,/,/,/,/,/,/,/
右前门上窗框导轨,/,/,1.0,/,/,/,/,/,/,/,/
右前门窗台加强梁总成,/,/,1.0,/,/,/,/,/,/,/,/
右前门防侧撞梁总成,/,/,1.0,/,/,/,/,/,/,/,/
右前门导轨总成,/,/,1.0,/,/,/,/,/,/,/,/
六角平头铆螺母,/,/,2.0,/,/,/,/,/,/,/,/
左滑移门侧下铰链加强板带螺母板总成,/,/,1.0,/,/,/,/,/,/,/,/
左滑移门中铰链螺母板总成,/,/,1.0,/,/,/,/,/,/,/,/
左滑移门外板窗台加强梁,/,/,1.0,/,/,/,/,/,/,/,/
左滑移门外板加强梁,/,/,1.0,/,/,/,/,/,/,/,/
左滑移门防侧撞梁总成,/,/,1.0,/,/,/,/,/,/,/,/
左滑移门安全件加强板总成,/,/,1.0,/,/,/,/,/,/,/,/
左后门后部上空腔隔断,/,/,1.0,/,/,/,/,/,/,/,/
左后门后部下空腔隔断,/,/,1.0,/,/,/,/,/,/,/,/
左滑移门内板窗台加强梁,/,/,1.0,/,/,/,/,/,/,/,/
左滑移门侧中铰链加强板,/,/,1.0,/,/,/,/,/,/,/,/
左滑移门侧上铰链加强板总成,/,/,1.0,/,/,/,/,/,/,/,/
左滑移门玻璃导轨总成,/,/,1.0,/,/,/,/,/,/,/,/
膨胀胶片1,/,/,1.0,/,/,/,/,/,/,/,/
车身补强板3,/,/,1.0,/,/,/,/,/,/,/,/
六角平头铆螺母,/,/,14.0,/,/,/,/,/,/,/,/
右滑移门侧下铰链加强板带螺母板总成,/,/,1.0,/,/,/,/,/,/,/,/
右滑移门中铰链螺母板总成,/,/,1.0,/,/,/,/,/,/,/,/
右滑移门外板窗台加强梁,/,/,1.0,/,/,/,/,/,/,/,/
右滑移门外板加强梁,/,/,1.0,/,/,/,/,/,/,/,/
右滑移门防侧撞梁总成,/,/,1.0,/,/,/,/,/,/,/,/
右滑移门安全件加强板总成,/,/,1.0,/,/,/,/,/,/,/,/
右后门后部上空腔隔断,/,/,1.0,/,/,/,/,/,/,/,/
右后门后部下空腔隔断,/,/,1.0,/,/,/,/,/,/,/,/
右滑移门内板窗台加强梁,/,/,1.0,/,/,/,/,/,/,/,/
右滑移门侧中铰链加强板,/,/,1.0,/,/,/,/,/,/,/,/
右滑移门侧上铰链加强板总成,/,/,1.0,/,/,/,/,/,/,/,/
右滑移门玻璃导轨总成,/,/,1.0,/,/,/,/,/,/,/,/
膨胀胶片1,/,/,1.0,/,/,/,/,/,/,/,/
车身补强板3,/,/,1.0,/,/,/,/,/,/,/,/
六角平头铆螺母,/,/,14.0,/,/,/,/,/,/,/,/
左前轮罩后连接板总成,/,/,1.0,/,/,/,/,/,/,/,/
前机舱左封板总成,/,/,1.0,/,/,/,/,/,/,/,/
左前减震器座,/,/,1.0,/,/,/,/,/,/,/,/
左纵梁前段外板分总成,/,/,1.0,/,/,/,/,/,/,/,/
前减震器座补强板,/,/,1.0,/,/,/,/,/,/,/,/
左前减震器座,/,/,1.0,/,/,/,/,/,/,/,/
左前轮罩前连接板上板总成,/,/,1.0,/,/,/,/,/,/,/,/
右前轮罩前连接板上板总成,/,/,1.0,/,/,/,/,/,/,/,/
右前减震器座,/,/,1.0,/,/,/,/,/,/,/,/
右纵梁前段外板分总成,/,/,1.0,/,/,/,/,/,/,/,/
前机舱右封板总成,/,/,1.0,/,/,/,/,/,/,/,/
右前轮罩后连接板总成,/,/,1.0,/,/,/,/,/,/,/,/
右前减震器座,/,/,1.0,/,/,/,/,/,/,/,/
